id,name,approach_date,absolute_magnitude_h,est_diameter_min_km,est_diameter_max_km,is_potentially_hazardous,relative_velocity_kph,miss_distance_km,miss_distance_lunar,orbiting_body,avg_diameter_km,approach_month,size_category
2226514,226514 (2003 UX34),2025-01-07,20.16,0.2469192656,0.5521282628,True,59576.3798149573,18491516.10423837,48.083570739,Earth,0.3995237642,2025-01,large
2438017,438017 (2003 YO3),2025-01-07,18.54,0.5206609142,1.1642331974,False,54996.3055018069,12136326.303555183,31.5581427201,Earth,0.8424470558,2025-01,large
2481442,481442 (2006 WO3),2025-01-07,21.58,0.1283970296,0.2871044863,False,77935.954023887,58239736.59965244,151.4410434939,Earth,0.20775075795,2025-01,large
3485806,(2010 AL60),2025-01-07,22.29,0.0925880583,0.2070331923,False,32361.4464638662,9414482.23419549,24.480519603,Earth,0.1498106253,2025-01,medium
3723888,(2015 NU2),2025-01-07,20.91,0.1748054532,0.3908768761,True,68881.0703726326,73466998.51753892,191.0365597005,Earth,0.28284116465,2025-01,large
3771633,(2017 FZ2),2025-01-07,26.6,0.0127219879,0.0284472297,False,27485.3820705561,43675472.56004904,113.5695235892,Earth,0.0205846088,2025-01,small
3792462,(2017 YD),2025-01-07,25.5,0.0211132445,0.0472106499,False,17691.4977576082,10536583.499046208,27.3983244623,Earth,0.0341619472,2025-01,small
3837883,(2019 AO12),2025-01-07,25.6,0.0201629919,0.0450858206,False,87401.5535619302,72072116.41250834,187.4094416215,Earth,0.03262440625,2025-01,small
3842657,(2019 KJ4),2025-01-07,27.4,0.0088014652,0.0196806745,False,34290.1468082932,49392413.8942228,128.4353113106,Earth,0.01424106985,2025-01,small
3704144,(2015 AC246),2025-01-06,23.4,0.0555334912,0.1241766613,False,21823.557432531,52820770.79549223,137.3500828551,Earth,0.08985507625,2025-01,medium
3781585,(2017 SK2),2025-01-06,23.2,0.0608912622,0.1361570015,False,19273.0559039038,66024505.62198272,171.6838126569,Earth,0.09852413185,2025-01,medium
3785681,(2017 TU1),2025-01-06,26.2,0.0152951935,0.0342010925,False,53321.9785063697,67762561.05205293,176.2032858439,Earth,0.024748143,2025-01,small
3843671,(2019 QY4),2025-01-06,27.6,0.0080270317,0.0179489885,False,65537.9276345136,52117749.5629085,135.5220136488,Earth,0.012988010099999999,2025-01,small
3989263,(2020 BP11),2025-01-06,26.8,0.0116025908,0.0259441818,False,56764.4031185162,35406461.06684568,92.0675765972,Earth,0.0187733863,2025-01,small
3740934,(2016 BD15),2025-01-05,21.2,0.1529519353,0.3420109247,True,93383.3700688104,71450808.49855644,185.7938519174,Earth,0.24748143,2025-01,large
3753595,(2016 KO),2025-01-05,26.5,0.0133215567,0.0297879063,False,55311.8444706586,63031190.87562886,163.9002831432,Earth,0.0215547315,2025-01,small
3989144,(2020 BC6),2025-01-05,20.85,0.1797028549,0.4018277992,True,79858.6540488112,3683381.686023033,9.5779136151,Earth,0.29076532705,2025-01,large
3879137,(2019 TK6),2025-01-04,22.64,0.0788052183,0.1762138252,False,37661.9172929179,40607718.03326146,105.5924279867,Earth,0.12750952175,2025-01,medium
3553148,(2010 XB11),2025-01-03,19.69,0.3065878759,0.6855513317,False,68182.206577871,19016653.471642926,49.4490877475,Earth,0.4960696038,2025-01,large
3645041,(2013 NC15),2025-01-03,22.14,0.0992098919,0.2218400624,False,43417.7895268897,25616443.389347907,66.6105505276,Earth,0.16052497715,2025-01,medium
3647191,(2013 RT9),2025-01-03,26.5,0.0133215567,0.0297879063,False,16233.9842106775,36530806.76349979,94.9912176624,Earth,0.0215547315,2025-01,small
3837864,(2019 AS11),2025-01-03,26.8,0.0116025908,0.0259441818,False,42708.3804730289,48375536.34533886,125.7911201432,Earth,0.0187733863,2025-01,small
3843735,(2019 QL7),2025-01-03,26.65,0.0124324001,0.0277996916,False,30891.5107520968,58599408.62498077,152.3763002449,Earth,0.02011604585,2025-01,small
2459462,459462 (2013 AY52),2025-01-02,19.9,0.2783267681,0.6223575734,False,62720.0394634552,15830336.75368406,41.1636943573,Earth,0.45034217075,2025-01,large
3648769,(2013 TK4),2025-01-02,23.98,0.0425162524,0.0950692305,False,64471.3074111931,53240801.67182095,138.4422909921,Earth,0.06879274145,2025-01,medium
3656933,(2014 BM25),2025-01-02,28.1,0.0063760979,0.0142573883,False,55213.8976234976,42733613.705436125,111.1204038628,Earth,0.0103167431,2025-01,small
3703792,(2015 BF),2025-01-02,26.6,0.0127219879,0.0284472297,False,92433.5572978271,72149352.40152915,187.6102787038,Earth,0.0205846088,2025-01,small
3766462,(2017 AZ13),2025-01-02,21.97,0.1072889455,0.2399053753,False,43194.0973228348,24373475.96157024,63.3784568527,Earth,0.1735971604,2025-01,medium
3837784,(2019 AR8),2025-01-02,25.61,0.0200703514,0.0448786701,False,82067.9308472164,66096247.4945897,171.8703633641,Earth,0.03247451075,2025-01,small
3842769,(2019 LS1),2025-01-02,22.48,0.0848310762,0.189688053,False,44753.354806865,18639595.585777443,48.4686224668,Earth,0.1372595646,2025-01,medium
3843713,(2019 QS6),2025-01-02,26.1,0.0160160338,0.0358129403,False,18369.899581269,40941595.586015895,106.4606112571,Earth,0.025914487049999997,2025-01,small
3968754,(2019 YA5),2025-01-02,26.0,0.0167708462,0.0375007522,False,45382.1604748949,41802119.06605575,108.6982342509,Earth,0.0271357992,2025-01,small
3561029,(2011 GE3),2025-01-01,25.88,0.0177237239,0.0396314515,False,29942.4840770101,49668157.47533864,129.1523285586,Earth,0.0286775877,2025-01,small
2506491,506491 (2003 UW29),2025-01-14,20.69,0.193443872,0.4325536477,True,96974.4703454129,17371524.962223362,45.1712528414,Earth,0.31299875985,2025-01,large
3309857,(2005 YU128),2025-01-14,25.26,0.0235806068,0.0527278398,False,25318.1380938953,7315337.907450606,19.0221053682,Earth,0.0381542233,2025-01,small
3459429,(2009 JR),2025-01-14,21.41,0.138852907,0.310484539,True,35255.9647684223,20426799.92997703,53.1158977916,Earth,0.22466872300000001,2025-01,large
3690386,(2014 SD145),2025-01-14,26.9,0.0110803882,0.0247765013,False,24076.0599167771,63564543.200627446,165.2871615421,Earth,0.01792844475,2025-01,small
3724104,(2015 NS13),2025-01-14,19.98,0.2682594171,0.5998462923,False,41574.8093947034,12016268.208482826,31.2459551269,Earth,0.4340528547,2025-01,large
3843826,(2019 RP2),2025-01-14,28.9,0.004411182,0.0098637028,False,12081.3799897366,30555004.61111053,79.4523130157,Earth,0.0071374424,2025-01,small
3892657,(2019 VJ2),2025-01-14,26.1,0.0160160338,0.0358129403,False,88958.0701581372,72046112.14388156,187.3418226073,Earth,0.025914487049999997,2025-01,small
2803401,803401 (2015 NS13),2025-01-14,19.98,0.2682594171,0.5998462923,False,41574.8094272809,12016268.447839418,31.2459557493,Earth,0.4340528547,2025-01,large
3102771,(2002 AL31),2025-01-13,24.5,0.0334622374,0.0748238376,False,41756.5699551389,21591690.628704485,56.1449682042,Earth,0.0541430375,2025-01,medium
3360486,(2006 WE4),2025-01-13,18.9,0.4411182,0.9863702813,False,63365.5885506077,41747245.57999381,108.5555464835,Earth,0.7137442406500001,2025-01,large
3645650,(2013 PZ38),2025-01-13,24.0,0.0421264611,0.0941976306,False,25616.8558539439,53567479.52788589,139.2917528595,Earth,0.06816204584999999,2025-01,medium
3792468,(2017 YH),2025-01-13,18.12,0.6317641482,1.4126675811,False,43379.4686554519,33497847.803687,87.1046011259,Earth,1.0222158646500001,2025-01,large
3797753,(2018 BV1),2025-01-13,24.3,0.0366906138,0.0820427065,False,71576.2324083794,73699997.4394205,191.6424278229,Earth,0.05936666015,2025-01,medium
3986841,(2020 BK3),2025-01-13,26.9,0.0110803882,0.0247765013,False,29436.0947926279,13359180.581947302,34.7379360841,Earth,0.01792844475,2025-01,small
3313157,(2006 BA),2025-01-12,27.6,0.0080270317,0.0179489885,False,38454.9031093907,22092069.249428306,57.4461049347,Earth,0.012988010099999999,2025-01,small
3648878,(2013 TG6),2025-01-12,26.58,0.012839703,0.0287104486,False,44844.9883404944,43060552.47514613,111.9705441851,Earth,0.0207750758,2025-01,small
3989277,(2020 BN12),2025-01-12,25.9,0.0175612318,0.0392681082,False,38741.1017709114,25592941.683649205,66.5494389388,Earth,0.02841467,2025-01,small
3615463,(2012 UK171),2025-01-11,24.46,0.0340843469,0.0762149166,False,22903.3541937018,4081256.429654541,10.6125090627,Earth,0.05514963175,2025-01,medium
3730322,(2015 TL178),2025-01-11,21.26,0.1487835705,0.3326901775,True,63220.2723822373,49699887.73707776,129.2348368979,Earth,0.240736874,2025-01,large
3742059,(2016 CF31),2025-01-11,21.73,0.1198270801,0.2679414966,False,51574.2312735886,25935610.62451035,67.4404824944,Earth,0.19388428835,2025-01,medium
3773744,(2017 FB157),2025-01-11,27.7,0.0076657557,0.0171411509,False,46527.2754855059,52134330.21291038,135.565128386,Earth,0.012403453299999999,2025-01,small
3795086,(2017 YQ5),2025-01-11,24.7,0.0305179233,0.0682401509,False,44896.8626690764,32292968.681761533,83.9715486404,Earth,0.0493790371,2025-01,small
3797456,(2018 AN2),2025-01-11,24.8,0.0291443905,0.0651688382,False,41015.7108874141,24393068.46548883,63.4294033269,Earth,0.04715661435,2025-01,small
3836886,(2018 XA4),2025-01-11,29.0,0.0042126461,0.0094197631,False,32685.1153427529,59918690.38426196,155.806834412,Earth,0.0068162046,2025-01,small
2497113,497113 (2004 EK1),2025-01-10,22.29,0.0925880583,0.2070331923,False,22587.6042002407,29822591.16693813,77.5478151122,Earth,0.1498106253,2025-01,medium
3167343,(2003 WP7),2025-01-10,23.45,0.0542693946,0.1213500554,False,42162.5119167832,22656870.442572538,58.9147599639,Earth,0.087809725,2025-01,medium
3702319,(2014 YD),2025-01-10,24.29,0.0368599699,0.0824213984,False,17045.7232403826,14974781.359067757,38.9389898979,Earth,0.05964068415,2025-01,medium
3797861,(2018 BM3),2025-01-10,21.99,0.1063053145,0.2377059096,True,82232.6223896413,21814630.844123658,56.7246806279,Earth,0.17200561204999998,2025-01,medium
3399548,(2008 AU28),2025-01-09,25.03,0.0262153087,0.0586192124,False,38741.9560296181,4811939.983897414,12.5125087258,Earth,0.04241726055,2025-01,small
3701880,(2014 XO7),2025-01-09,26.8,0.0116025908,0.0259441818,False,32108.4580819004,55001479.0075566,143.02058802,Earth,0.0187733863,2025-01,small
3878578,(2019 TL2),2025-01-09,24.4,0.0350392641,0.0783501764,False,18580.9580594344,59495075.397284426,154.7053064963,Earth,0.05669472025,2025-01,medium
3892010,(2019 UE13),2025-01-09,25.75,0.0188171989,0.042076536,False,26008.7189881431,52418994.479571976,136.3053421319,Earth,0.030446867449999998,2025-01,small
2000887,887 Alinda (A918 AA),2025-01-08,13.82,4.5767266723,10.2338719537,False,29695.3159727308,12296605.087478507,31.9749163476,Earth,7.405299313,2025-01,large
2451003,451003 (2008 UD1),2025-01-08,19.49,0.3361669212,0.7516920875,True,50939.1007892356,26800560.540965848,69.6896155703,Earth,0.5439295043500001,2025-01,large
3485264,(2010 AL30),2025-01-08,27.2,0.0096506147,0.0215794305,False,48894.5442113194,19541496.47531868,50.8138393207,Earth,0.0156150226,2025-01,small
3692560,(2014 TU),2025-01-08,25.09,0.0255008688,0.0570216761,False,25312.6217193537,45581702.56458096,118.5263018626,Earth,0.04126127245,2025-01,small
3837605,(2019 AE3),2025-01-08,27.4,0.0088014652,0.0196806745,False,32688.5328082797,40671208.92510731,105.7575236323,Earth,0.01424106985,2025-01,small
3893856,(2019 XL),2025-01-08,26.6,0.0127219879,0.0284472297,False,60677.2366506572,46538177.43028861,121.013427667,Earth,0.0205846088,2025-01,small
3536591,(2010 NG1),2025-01-18,20.29,0.2325706875,0.5200438667,False,66994.4535624706,71957078.28340086,187.1103074679,Earth,0.3763072771,2025-01,large
3618492,(2012 WQ10),2025-01-18,22.68,0.077366861,0.1729975604,False,54149.1951237498,61627285.520752855,160.2497018679,Earth,0.1251822107,2025-01,medium
3744790,(2016 DL),2025-01-18,21.4,0.1394938229,0.3119176705,True,72722.0867702882,27109155.90409241,70.4920574517,Earth,0.22570574670000002,2025-01,large
3763953,(2016 WH1),2025-01-18,25.1,0.0253837029,0.0567596853,False,57534.971335367,43759953.63375309,113.7892000971,Earth,0.0410716941,2025-01,small
54341664,(2023 CA4),2025-01-18,22.11,0.100590039,0.2249261651,False,42565.1487867598,17310120.84098572,45.0115834346,Earth,0.16275810205,2025-01,medium
2847344,847344 (2023 CA4),2025-01-18,22.11,0.100590039,0.2249261651,False,42565.1488176222,17310120.84098572,45.0115834346,Earth,0.16275810205,2025-01,medium
3592306,(2012 AN10),2025-01-17,22.63,0.0791689667,0.1770271912,False,41187.854247844,15258461.406382836,39.6766443739,Earth,0.12809807895,2025-01,medium
3627014,(2013 DB),2025-01-17,25.6,0.0201629919,0.0450858206,False,38295.1778043355,46853591.06041552,121.8335991181,Earth,0.03262440625,2025-01,small
3674427,(2014 NA39),2025-01-17,24.1,0.040230458,0.0899580388,False,40436.9505233777,70291378.95983206,182.7789821832,Earth,0.0650942484,2025-01,medium
3781651,(2017 SS10),2025-01-17,25.2,0.0242412481,0.0542050786,False,55516.0871072981,67410544.39852612,175.2879353899,Earth,0.03922316335,2025-01,small
3656929,(2014 BG25),2025-01-16,25.3,0.0231502122,0.0517654482,False,56420.9370068609,39660831.31391615,103.1302342815,Earth,0.0374578302,2025-01,small
3660308,(2014 BR57),2025-01-16,23.9,0.04411182,0.0986370281,False,26123.5280710143,71736247.727064,186.5360808,Earth,0.07137442405,2025-01,medium
3724583,(2015 OH26),2025-01-16,24.1,0.040230458,0.0899580388,False,28022.8606829734,42681236.02047854,110.984205938,Earth,0.0650942484,2025-01,medium
3761738,(2016 UA41),2025-01-16,24.4,0.0350392641,0.0783501764,False,27342.5268230834,69592130.51073079,180.9607233624,Earth,0.05669472025,2025-01,medium
3370495,(2007 EA26),2025-01-15,20.86,0.1788771952,0.3999815682,False,39846.6923753916,21123091.54725817,54.9264679496,Earth,0.2894293817,2025-01,large
3739391,(2016 AH65),2025-01-15,25.8,0.0183888672,0.0411187571,False,49202.0769766561,36314173.81867663,94.4279060622,Earth,0.02975381215,2025-01,small
3767164,(2017 BO30),2025-01-15,23.9,0.04411182,0.0986370281,False,47464.8826739897,35787058.707591526,93.0572463181,Earth,0.07137442405,2025-01,medium
3627059,(2013 DF),2025-01-21,24.6,0.0319561887,0.0714562102,False,37373.2680689928,38895592.70119409,101.1403809477,Earth,0.05170619945,2025-01,medium
3678248,(2014 OG300),2025-01-21,24.3,0.0366906138,0.0820427065,False,39784.2382857503,13764722.455772905,35.7924684041,Earth,0.05936666015,2025-01,medium
3740496,(2016 AG193),2025-01-21,23.5,0.0530340723,0.1185877909,False,55007.7083533634,16829549.427043512,43.7619514711,Earth,0.0858109316,2025-01,medium
3767871,(2017 BN92),2025-01-21,25.73,0.0189913123,0.0424658654,False,22400.5997367433,1801435.350216092,4.6842802724,Earth,0.03072858885,2025-01,small
3769886,(2017 DA36),2025-01-21,25.1,0.0253837029,0.0567596853,False,20759.3916858941,51908321.96957432,134.9774381558,Earth,0.0410716941,2025-01,small
3836890,(2018 XE4),2025-01-21,26.4,0.0139493823,0.0311917671,False,28458.6936139709,14457727.9164829,37.5944935547,Earth,0.0225705747,2025-01,small
3836913,(2018 XD5),2025-01-21,24.7,0.0305179233,0.0682401509,False,55688.9286733783,37857743.23635187,98.4416564149,Earth,0.0493790371,2025-01,small
3564040,(2011 HO5),2025-01-20,24.23,0.0378926498,0.0847305409,False,16568.4241692129,42821495.0040872,111.3489219906,Earth,0.06131159535,2025-01,medium
3801962,(2018 FV),2025-01-20,24.68,0.0308003021,0.0688715693,False,29858.1117997778,18061902.511950005,46.9664446235,Earth,0.0498359357,2025-01,small
3843555,(2019 PZ2),2025-01-20,19.81,0.2901048414,0.648694146,False,119027.0978999561,58807367.032593474,152.9170554078,Earth,0.4693994937,2025-01,large
3515028,(2010 GH7),2025-01-19,27.35,0.0090064777,0.0201390963,False,45358.2379699121,38462131.78080464,100.013250608,Earth,0.014572787,2025-01,small
3752780,(2016 JW5),2025-01-19,22.01,0.1053307015,0.2355266087,True,51253.2807438938,9206432.018369963,23.9395257108,Earth,0.1704286551,2025-01,medium
3781595,(2017 RO16),2025-01-19,27.8,0.0073207399,0.016369672,False,59823.0466016609,42638166.09059555,110.8722110097,Earth,0.01184520595,2025-01,small
3840791,(2019 GM1),2025-01-19,27.25,0.0094309399,0.0210882227,False,10560.2538708167,22252617.02528167,57.8635780231,Earth,0.015259581299999998,2025-01,small
3626687,(2013 CW87),2025-01-28,25.87,0.0178055329,0.039814382,False,12025.8419963262,13131492.803324748,34.1458785509,Earth,0.02880995745,2025-01,small
3708364,(2015 BP509),2025-01-28,27.8,0.0073207399,0.016369672,False,79841.3953877791,32976155.77994705,85.7480430597,Earth,0.01184520595,2025-01,small
3738913,(2015 YC1),2025-01-28,26.0,0.0167708462,0.0375007522,False,20508.7700747426,25054817.85978803,65.1501531904,Earth,0.0271357992,2025-01,small
3767241,(2017 BO31),2025-01-27,19.76,0.2968622513,0.6638041738,False,79465.974486354,16873153.914995372,43.8753364131,Earth,0.48033321255,2025-01,large
3795129,(2017 YJ7),2025-01-27,26.3,0.0146067964,0.0326617897,False,55355.7066061316,40488906.86635513,105.2834827863,Earth,0.023634293049999998,2025-01,small
3797906,(2018 BL5),2025-01-27,24.3,0.0366906138,0.0820427065,False,14425.6913107932,15204334.817606444,39.5358987668,Earth,0.05936666015,2025-01,medium
3989349,(2020 CA),2025-01-27,29.6,0.0031956189,0.007145621,False,69332.3128526908,28849084.793167997,75.0164022024,Earth,0.00517061995,2025-01,small
2806899,806899 (2017 BO31),2025-01-27,19.76,0.2968622513,0.6638041738,False,79465.974500016,16873153.900035586,43.8753363742,Earth,0.48033321255,2025-01,large
3342322,(2006 SE6),2025-01-26,22.97,0.0676947481,0.1513700585,False,50621.2976317723,62393709.517077215,162.2426375599,Earth,0.1095324033,2025-01,medium
3557543,(2011 CD66),2025-01-26,26.9,0.0110803882,0.0247765013,False,59815.8722963128,35323013.69946353,91.8505880404,Earth,0.01792844475,2025-01,small
3740499,(2016 AK193),2025-01-26,22.08,0.1019893859,0.2280551997,False,74281.1682952613,54834065.5272183,142.58526201,Earth,0.1650222928,2025-01,medium
3763102,(2016 UB107),2025-01-26,25.2,0.0242412481,0.0542050786,False,34899.5797722267,20407917.238032017,53.0667970446,Earth,0.03922316335,2025-01,small
3769438,(2017 BG136),2025-01-26,25.98,0.0169260249,0.0378477424,False,71938.4142245278,66042979.08895435,171.7318492944,Earth,0.02738688365,2025-01,small
3989284,(2020 BW12),2025-01-26,26.1,0.0160160338,0.0358129403,False,51725.2322874586,59120739.42970381,153.7319190317,Earth,0.025914487049999997,2025-01,small
3102783,(2002 BM5),2025-01-25,22.51,0.0836671502,0.1870854353,False,44459.6698164272,44000505.004101634,114.4147068845,Earth,0.13537629275,2025-01,medium
3409964,(2008 JG),2025-01-25,20.84,0.1805323255,0.4036825521,True,79098.2212080686,62420482.0306056,162.3122542447,Earth,0.2921074388,2025-01,large
3602706,(2012 HG2),2025-01-25,27.0,0.0105816886,0.023661375,False,23974.216365622,15702473.01574978,40.8312097166,Earth,0.0171215318,2025-01,small
3781359,(2017 QC36),2025-01-25,20.7,0.1925550782,0.4305662442,True,66641.9297838196,63297391.65349676,164.5924861979,Earth,0.31156066120000003,2025-01,large
3797745,(2018 AM13),2025-01-25,22.13,0.099667824,0.2228640296,False,38306.7739426709,72726084.11456461,189.1099567164,Earth,0.16126592680000001,2025-01,medium
3837955,(2019 BA1),2025-01-25,22.19,0.0969515991,0.2167903661,False,69249.5926789943,38217464.89825346,99.3770422361,Earth,0.1568709826,2025-01,medium
3445079,(2009 BO58),2025-01-24,21.87,0.1123453177,0.2512117673,False,74567.6738039657,28772488.993272062,74.8172298067,Earth,0.1817785425,2025-01,medium
3558375,(2011 EL11),2025-01-24,19.88,0.2809020939,0.6281161771,True,78886.7259181175,9810797.749147562,25.5110605814,Earth,0.4545091355,2025-01,large
3728857,(2015 SY16),2025-01-24,21.58,0.1283970296,0.2871044863,True,103201.1521701314,63180869.88751354,164.2894941368,Earth,0.20775075795,2025-01,large
3989213,(2020 BN9),2025-01-24,23.76,0.0470494961,0.1052058716,False,39311.7717175826,13418191.780535787,34.8913831636,Earth,0.07612768385,2025-01,medium
2877808,877808 (2011 EL11),2025-01-24,19.88,0.2809020939,0.6281161771,True,78886.7259208423,9810797.749147562,25.5110605814,Earth,0.4545091355,2025-01,large
3797709,(2018 AH13),2025-01-23,24.18,0.038775283,0.0867041687,False,28637.3225175486,19343743.260402694,50.2996207653,Earth,0.06273972585,2025-01,medium
2265196,265196 (2004 BW58),2025-01-22,18.84,0.453476699,1.0140047252,True,37794.712471969,10773851.9441376,28.0152946447,Earth,0.7337407120999999,2025-01,large
3145514,(2003 AA3),2025-01-22,20.2,0.2424124811,0.5420507863,True,43482.3597691132,34255211.195577785,89.0739764883,Earth,0.3922316337,2025-01,large
3837565,(2019 AV),2025-01-22,24.3,0.0366906138,0.0820427065,False,64479.4366017938,39823525.774324656,103.5532894032,Earth,0.05936666015,2025-01,medium
3709715,(2015 CL),2025-01-29,25.52,0.0209196771,0.04677782,False,43783.22248933,17982845.109022796,46.7608713106,Earth,0.03384874855,2025-01,small
3799425,(2018 CR3),2025-01-29,25.63,0.0198863453,0.04446722,False,111379.4680666525,48245526.82043666,125.4530558032,Earth,0.03217678265,2025-01,small
3837925,(2019 BL),2025-01-29,25.2,0.0242412481,0.0542050786,False,64209.7082334118,68421299.95377605,177.9162075103,Earth,0.03922316335,2025-01,small
3989084,(2020 BB5),2025-01-29,29.7,0.0030517923,0.0068240151,False,42003.298612778,13832150.195085244,35.9678010515,Earth,0.004937903699999999,2025-01,small
54244790,(2022 CN1),2025-01-29,21.5,0.1332155667,0.2978790628,True,54530.0980318768,8870168.095353078,23.0651371513,Earth,0.21554731475,2025-01,large
2886933,886933 (2022 CN1),2025-01-29,21.5,0.1332155667,0.2978790628,True,54530.0980297981,8870168.095353078,23.0651371513,Earth,0.21554731475,2025-01,large
3114026,(2002 CC14),2025-02-04,24.8,0.0291443905,0.0651688382,False,45676.558231961,3221481.327919149,8.3768320803,Earth,0.04715661435,2025-02,small
3550466,(2010 VZ11),2025-02-04,25.6,0.0201629919,0.0450858206,False,19834.9466614448,42213564.68518282,109.7681181058,Earth,0.03262440625,2025-02,small
3553988,(2010 XR69),2025-02-04,25.4,0.022108281,0.0494356193,False,42420.4902237676,41739188.11903731,108.5345946323,Earth,0.035771950149999995,2025-02,small
3721991,(2015 MT59),2025-02-04,19.56,0.3255029858,0.727846803,False,105589.0326613169,60364054.971724965,156.9649179096,Earth,0.5266748944,2025-02,large
3721289,(2015 MC),2025-02-04,24.11,0.0400456158,0.0895447192,False,24207.5551282798,27392185.06603491,71.2280194276,Earth,0.0647951675,2025-02,medium
3739246,(2016 AZ8),2025-02-04,21.07,0.1623883902,0.3631114793,True,81089.0269454729,67311767.7074855,175.0310859253,Earth,0.26274993474999997,2025-02,large
3789390,(2017 VU13),2025-02-04,20.89,0.1764229081,0.3944936153,False,58919.7679871677,52858560.74335251,137.4483482229,Earth,0.2854582617,2025-02,large
3836246,(2018 VR9),2025-02-04,22.7,0.0766575574,0.1714115092,False,120881.9997925513,45636721.07081808,118.6693667266,Earth,0.1240345333,2025-02,medium
3838075,(2019 BZ4),2025-02-04,26.27,0.0148099972,0.0331161605,False,27635.3597865792,14941503.44752434,38.852457198,Earth,0.02396307885,2025-02,small
3989259,(2020 BL11),2025-02-04,27.8,0.0073207399,0.016369672,False,50792.1453642586,65392950.77752837,170.0415778143,Earth,0.01184520595,2025-02,small
2326290,326290 Akhenaten (1998 HE3),2025-02-03,21.81,0.1154928176,0.258249791,True,58125.1643121928,18470358.701881077,48.0285550525,Earth,0.1868713043,2025-02,medium
3092284,(2001 BX15),2025-02-03,21.75,0.1187284988,0.2654849942,False,48966.7346673872,18251012.380811423,47.4581878481,Earth,0.19210674649999998,2025-02,medium
3358222,(2006 VX2),2025-02-03,24.78,0.0294140602,0.0657718381,False,33587.1900522409,48256790.29838534,125.4823442745,Earth,0.047592949149999994,2025-02,small
3601299,(2012 EL8),2025-02-03,28.3,0.0058150704,0.0130028927,False,36223.3605784342,42225926.046939634,109.8002614092,Earth,0.009408981549999999,2025-02,small
3656792,(2014 BA3),2025-02-03,28.32,0.0057617575,0.0128836815,False,53254.2571588825,60818033.74861768,158.1454009219,Earth,0.0093227195,2025-02,small
3745111,(2016 EJ27),2025-02-03,25.3,0.0231502122,0.0517654482,False,92858.8285364378,73557953.63354446,191.2730706891,Earth,0.0374578302,2025-02,small
3797702,(2018 AE13),2025-02-03,24.5,0.0334622374,0.0748238376,False,35857.0069508709,45765037.56670591,119.0030286758,Earth,0.0541430375,2025-02,medium
3827356,(2018 RE3),2025-02-03,27.3,0.0092162655,0.0206081961,False,40042.2308365066,5948840.412515114,15.4687959158,Earth,0.014912230799999999,2025-02,small
3989158,(2020 BY6),2025-02-03,24.16,0.0391340663,0.0875064325,False,43291.5842701991,39942884.70879178,103.863658966,Earth,0.0633202494,2025-02,medium
3617387,(2012 VE46),2025-02-02,20.2,0.2424124811,0.5420507863,True,47540.1681472651,66886272.21544292,173.924668124,Earth,0.3922316337,2025-02,large
3831890,(2018 UJ1),2025-02-02,23.4,0.0555334912,0.1241766613,False,22544.5557069723,70331538.85210866,182.8834101279,Earth,0.08985507625,2025-02,medium
3991734,(2020 DH2),2025-02-02,25.2,0.0242412481,0.0542050786,False,43395.5634161051,28601105.1405846,74.37157962,Earth,0.03922316335,2025-02,small
3729141,(2015 TQ21),2025-02-01,27.4,0.0088014652,0.0196806745,False,87843.02699516,23170348.451185036,60.2499590904,Earth,0.01424106985,2025-02,small
3741971,(2016 CA30),2025-02-01,27.5,0.008405334,0.0187948982,False,39257.1422207273,22274384.81686814,57.9201809074,Earth,0.0136001161,2025-02,small
3743127,(2016 CZ192),2025-02-01,24.6,0.0319561887,0.0714562102,False,48032.6983022614,25059845.55996278,65.1632267413,Earth,0.05170619945,2025-02,medium
3745113,(2016 EL27),2025-02-01,26.1,0.0160160338,0.0358129403,False,31395.3670248341,34471592.29238681,89.636633207,Earth,0.025914487049999997,2025-02,small
3797901,(2018 BG5),2025-02-01,24.08,0.0406027058,0.0907904103,False,68260.8687012515,53438187.010614805,138.9555529576,Earth,0.06569655804999999,2025-02,medium
3626029,(2013 CW32),2025-01-31,22.09,0.1015207872,0.2270073813,False,69206.727558128,18905648.38143234,49.1604407227,Earth,0.16426408425,2025-01,medium
3711778,(2015 DJ155),2025-01-31,23.99,0.042320908,0.0946324271,False,33229.4952090886,7112686.274839131,18.4951494357,Earth,0.06847666755,2025-01,medium
3825180,(2018 LM4),2025-01-31,18.72,0.4792421155,1.071617948,False,65685.4721324726,16203071.605181642,42.1329184327,Earth,0.77543003175,2025-01,large
3830887,(2018 SO2),2025-01-31,25.9,0.0175612318,0.0392681082,False,53317.2839888513,62011409.16833482,161.2485402799,Earth,0.02841467,2025-01,small
3989089,(2020 BG5),2025-01-31,23.7,0.0483676488,0.1081533507,False,23591.2848318598,49386912.38767419,128.4210057189,Earth,0.07826049975,2025-01,medium
2790064,790064 (2018 LM4),2025-01-31,18.71,0.4814541966,1.0765643117,False,65685.4745627012,16203072.278372057,42.1329201832,Earth,0.77900925415,2025-01,large
3313733,(2006 BC8),2025-01-30,25.1,0.0253837029,0.0567596853,False,62971.2720227282,21833713.772817664,56.7743020514,Earth,0.0410716941,2025-01,small
3337734,(2006 OT9),2025-01-30,20.02,0.263363131,0.5888978636,False,31750.6039389167,9365762.381717063,24.3538331561,Earth,0.42613049729999997,2025-01,large
3736807,(2015 YA),2025-01-30,27.4,0.0088014652,0.0196806745,False,25866.1188498648,38150710.40919527,99.2034602443,Earth,0.01424106985,2025-01,small
3741978,(2016 CH30),2025-01-30,27.88,0.0070559416,0.015777565,False,14492.8258048083,8197888.147949686,21.3170046442,Earth,0.0114167533,2025-01,small
2875863,875863 (2006 OT9),2025-01-30,20.02,0.263363131,0.5888978636,False,31750.603909358,9365762.381717063,24.3538331561,Earth,0.42613049729999997,2025-01,large
3744562,(2016 CO248),2025-02-07,27.5,0.008405334,0.0187948982,False,21231.1426956893,5161943.094973395,13.4226233565,Earth,0.0136001161,2025-02,small
3824091,(2018 JF2),2025-02-07,24.1,0.040230458,0.0899580388,False,21725.8144582187,54028760.26657201,140.4912231952,Earth,0.0650942484,2025-02,medium
3477945,(2009 WN8),2025-02-06,25.2,0.0242412481,0.0542050786,False,73907.38603188,57577232.99273184,149.718332448,Earth,0.03922316335,2025-02,small
2006239,6239 Minos (1989 QF),2025-02-05,18.59,0.5088092249,1.1377320144,True,36634.6968613308,14819302.2881653,38.5346969853,Earth,0.82327061965,2025-02,large
3798973,(2018 BN6),2025-02-05,26.8,0.0116025908,0.0259441818,False,65537.9231838268,39424236.53795294,102.5150158439,Earth,0.0187733863,2025-02,small
3799640,(2018 CD14),2025-02-05,24.0,0.0421264611,0.0941976306,False,28375.6658724129,72054174.07781437,187.3627860896,Earth,0.06816204584999999,2025-02,medium
3803762,(2018 GY4),2025-02-05,19.04,0.4135756649,0.9247833005,False,54743.9651470033,60875727.7529206,158.2954228953,Earth,0.6691794826999999,2025-02,large
3879536,(2019 UQ4),2025-02-05,28.0,0.0066765941,0.0149293183,False,19039.772125257,43946464.29946241,114.2741846023,Earth,0.0108029562,2025-02,small
3666683,(2014 FL38),2025-02-11,23.8,0.046190746,0.1032856481,False,32578.5950057737,29168871.60286883,75.8479452516,Earth,0.07473819705,2025-02,medium
3838138,(2019 CC2),2025-02-11,26.3,0.0146067964,0.0326617897,False,68636.4867911398,73688472.44943528,191.6124593407,Earth,0.023634293049999998,2025-02,small
3989220,(2020 BV9),2025-02-11,26.1,0.0160160338,0.0358129403,False,61697.6835790367,44417714.47956193,115.4995785204,Earth,0.025914487049999997,2025-02,small
3507181,(2010 CT),2025-02-10,20.25,0.2368944994,0.5297122041,False,53385.6645758642,69157753.42306589,179.8312107089,Earth,0.38330335174999997,2025-02,large
3548666,(2010 TW54),2025-02-10,27.6,0.0080270317,0.0179489885,False,22493.0370951929,38931976.66843296,101.2349903379,Earth,0.012988010099999999,2025-02,small
3710246,(2015 CA14),2025-02-10,22.82,0.0725362295,0.1621959399,False,66396.1831221928,55263521.51815062,143.701978314,Earth,0.1173660847,2025-02,medium
3738932,(2015 YQ1),2025-02-10,28.0,0.0066765941,0.0149293183,False,35168.2854687073,45495645.26787944,118.3025266951,Earth,0.0108029562,2025-02,small
3761750,(2016 UP41),2025-02-10,21.78,0.1170994827,0.2618424035,False,39290.4478630663,28375476.516803447,73.7848765162,Earth,0.18947094309999998,2025-02,medium
3785705,(2017 SS32),2025-02-10,22.8,0.0732073989,0.1636967205,False,47372.5758887032,64725034.15119927,168.3047912702,Earth,0.1184520597,2025-02,medium
3888744,(2019 UV11),2025-02-10,23.3,0.058150704,0.130028927,False,11592.5304087926,60303213.57783511,156.8067117652,Earth,0.09408981549999999,2025-02,medium
3363697,(2006 XP4),2025-02-09,23.9,0.04411182,0.0986370281,False,49207.9109770382,37192843.50538769,96.7127147171,Earth,0.07137442405,2025-02,medium
3607530,(2012 PB20),2025-02-09,24.79,0.0292789148,0.0654696439,False,15342.0139084111,1335063.30234089,3.471570983,Earth,0.04737427935,2025-02,small
3647027,(2013 RE6),2025-02-09,21.51,0.1326034968,0.2965104328,False,25241.3147282079,25859981.615809083,67.2438240501,Earth,0.2145569648,2025-02,large
3744318,(2016 CY247),2025-02-09,23.9,0.04411182,0.0986370281,False,28536.853052789,56005507.92450155,145.6313688332,Earth,0.07137442405,2025-02,medium
3843428,(2019 OW3),2025-02-09,22.08,0.1019893859,0.2280551997,False,75494.2547214058,26188867.970269047,68.0990286856,Earth,0.1650222928,2025-02,medium
2837610,837610 (2013 RE6),2025-02-09,21.49,0.1338304618,0.2992540101,False,25241.3105042941,25859988.55715025,67.2438420997,Earth,0.21654223595,2025-02,large
3370278,(2007 EK),2025-02-18,29.3,0.0036690614,0.0082042706,False,79931.8339256855,68757446.62198243,178.7902911716,Earth,0.005936666,2025-02,small
3514798,(2010 FG81),2025-02-18,23.05,0.065246163,0.1458948557,False,32261.5854414632,14630970.821900852,38.0449778444,Earth,0.10557050935,2025-02,medium
3709400,(2015 BL514),2025-02-18,24.6,0.0319561887,0.0714562102,False,33732.5697860754,28867796.74906397,75.0650589837,Earth,0.05170619945,2025-02,medium
3843793,(2019 RM1),2025-02-18,27.8,0.0073207399,0.016369672,False,29737.17122916,41044467.71322499,106.7281101024,Earth,0.01184520595,2025-02,small
3404165,(2008 DL4),2025-02-17,26.9,0.0110803882,0.0247765013,False,21287.0273338422,13372373.109469846,34.7722406715,Earth,0.01792844475,2025-02,small
3743123,(2016 CA138),2025-02-17,23.31,0.0578835257,0.1294314984,False,51905.693164599,10955952.674076336,28.4888119745,Earth,0.09365751205,2025-02,medium
3797750,(2018 BP1),2025-02-17,24.6,0.0319561887,0.0714562102,False,36884.6640040093,8928767.286447797,23.2175128859,Earth,0.05170619945,2025-02,medium
2322756,322756 (2001 CK32),2025-02-16,19.23,0.3789264984,0.8473054089,False,79611.3243682841,63055129.06303286,163.9625297173,Earth,0.6131159536499999,2025-02,large
3263232,(2004 XG),2025-02-16,24.16,0.0391340663,0.0875064325,False,32707.5577732412,5971407.206325253,15.5274764491,Earth,0.0633202494,2025-02,medium
3557958,(2011 DT9),2025-02-16,25.2,0.0242412481,0.0542050786,False,53523.4324033325,70190193.26437126,182.5158685738,Earth,0.03922316335,2025-02,small
3717081,(2015 HS11),2025-02-16,27.1,0.0101054342,0.0225964377,False,13114.5048585211,36645545.75670643,95.2895739716,Earth,0.01635093595,2025-02,small
3739011,(2015 YU7),2025-02-16,21.38,0.1407845434,0.3148038092,True,32606.7219384845,24420557.118980687,63.5008821936,Earth,0.22779417629999998,2025-02,large
3758923,(2016 RB1),2025-02-16,28.3,0.0058150704,0.0130028927,False,41246.9444088022,51547196.01750724,134.0384007527,Earth,0.009408981549999999,2025-02,small
3769917,(2017 DU36),2025-02-16,24.9,0.0278326768,0.0622357573,False,45707.5365559049,16500925.31764966,42.9074287526,Earth,0.04503421705,2025-02,small
3838104,(2019 CH1),2025-02-16,21.22,0.1515496636,0.3388753497,True,136946.8570535586,66162244.79402889,172.0419764324,Earth,0.24521250665,2025-02,large
2786479,786479 (2015 YU7),2025-02-16,21.38,0.1407845434,0.3148038092,True,32606.7218521258,24420557.133940477,63.5008822325,Earth,0.22779417629999998,2025-02,large
2458452,458452 (2011 BR15),2025-02-15,19.77,0.2954982931,0.6607542706,False,84421.0177026142,73541062.29868616,191.2291480767,Earth,0.47812628185,2025-02,large
3626614,(2013 CV83),2025-02-15,23.95,0.0431077124,0.0963917753,False,58398.6161445998,21480732.06343147,55.8564421584,Earth,0.06974974384999999,2025-02,medium
3644814,(2013 NG10),2025-02-15,22.7,0.0766575574,0.1714115092,False,55351.8937919812,40089856.896816686,104.2458313936,Earth,0.1240345333,2025-02,medium
3742333,(2016 CY135),2025-02-15,24.5,0.0334622374,0.0748238376,False,46492.1123375502,29666449.048356254,77.1417980738,Earth,0.0541430375,2025-02,medium
3748182,(2016 FJ3),2025-02-15,22.51,0.0836671502,0.1870854353,False,51567.0973154298,13056058.720648088,33.9497269736,Earth,0.13537629275,2025-02,medium
3760679,(2016 TU19),2025-02-15,24.4,0.0350392641,0.0783501764,False,45757.4236051097,59299958.56059124,154.1979433268,Earth,0.05669472025,2025-02,medium
3711781,(2015 DL155),2025-02-14,24.35,0.0358554334,0.0801751865,False,67074.7529380896,54056654.34525137,140.5637562908,Earth,0.058015309949999996,2025-02,medium
3759775,(2016 SL3),2025-02-14,25.0,0.02658,0.0594346868,False,34755.8944216823,22972887.7001049,59.73650103,Earth,0.043007343399999995,2025-02,small
3986832,(2020 BT2),2025-02-14,23.67,0.0490405098,0.1096579137,False,56220.9257641504,28251635.809668567,73.4628529802,Earth,0.07934921175,2025-02,medium
3054373,(2000 UK11),2025-02-13,25.3,0.0231502122,0.0517654482,False,35558.4412005319,46432132.76609063,120.7376792598,Earth,0.0374578302,2025-02,small
3991654,(2020 DA1),2025-02-13,29.8,0.002914439,0.0065168838,False,80702.5324433274,17420012.489209678,45.2973351713,Earth,0.0047156614,2025-02,small
3704156,(2015 BG4),2025-02-12,26.4,0.0139493823,0.0311917671,False,34690.1068309884,34563201.83923445,89.874845915,Earth,0.0225705747,2025-02,small
3661494,(2014 CE13),2025-02-19,24.09,0.0404161533,0.0903732663,False,60500.3030265575,3434808.414131694,8.9315474418,Earth,0.0653947098,2025-02,medium
3743897,(2016 CO246),2025-02-19,25.8,0.0183888672,0.0411187571,False,40223.1543096506,33031067.742581155,85.8908308779,Earth,0.02975381215,2025-02,small
3759722,(2016 SZ1),2025-02-19,26.3,0.0146067964,0.0326617897,False,50344.1390181985,21566261.57884764,56.0788449339,Earth,0.023634293049999998,2025-02,small
3801945,(2018 FD),2025-02-19,24.27,0.037201031,0.0831840342,False,85167.239920682,74076175.6748506,192.6206057447,Earth,0.0601925326,2025-02,medium
3837981,(2019 BV1),2025-02-19,28.8,0.0046190746,0.0103285648,False,99997.1843893772,69260145.71510696,180.0974618367,Earth,0.0074738197,2025-02,small
3838874,(2019 DB2),2025-02-19,25.7,0.0192555078,0.0430566244,False,53181.6865340123,58518894.2135987,152.1669382665,Earth,0.031156066099999997,2025-02,small
2101955,101955 Bennu (1999 RQ36),2025-02-25,20.21,0.2412986969,0.5395602892,True,60826.6774695488,58574507.31152992,152.3115492499,Earth,0.39042949304999996,2025-02,large
3693428,(2014 UR),2025-02-25,26.6,0.0127219879,0.0284472297,False,55529.011697328,70813589.4000307,184.13688829,Earth,0.0205846088,2025-02,small
3708359,(2015 BK509),2025-02-25,22.36,0.0896509666,0.2004656557,False,52390.1449754194,3600240.186445891,9.3617204077,Earth,0.14505831115,2025-02,medium
2455176,455176 (1999 VF22),2025-02-24,20.71,0.191670368,0.428587972,True,84997.015272041,10466234.711724248,27.2153962009,Earth,0.31012917,2025-02,large
3136735,(2002 SQ),2025-02-24,19.6,0.3195618867,0.7145621017,False,38141.9152915921,29332106.06670868,76.2724045466,Earth,0.5170619942,2025-02,large
3141526,(2002 UZ30),2025-02-24,19.5,0.3346223745,0.7482383761,False,88058.3581003896,54231473.54846572,141.0183394346,Earth,0.5414303753,2025-02,large
3740494,(2016 AF193),2025-02-24,22.03,0.1043650238,0.2333672878,True,23149.4925247078,21057834.05416549,54.756778603,Earth,0.1688661558,2025-02,medium
3742875,(2016 CD137),2025-02-24,26.1,0.0160160338,0.0358129403,False,19246.4539226616,12117164.566703262,31.5083163714,Earth,0.025914487049999997,2025-02,small
3762168,(2016 UC57),2025-02-24,23.9,0.04411182,0.0986370281,False,19209.8320219089,64752234.00600309,168.3755191724,Earth,0.07137442405,2025-02,medium
3799832,(2018 EU1),2025-02-24,26.7,0.0121494041,0.0271668934,False,79684.4193077905,56469844.85791306,146.8387862055,Earth,0.01965814875,2025-02,small
2612472,612472 (2002 SQ),2025-02-24,19.85,0.2848098313,0.6368541435,False,38142.0112004921,29332071.00096795,76.272313365,Earth,0.4608319874,2025-02,large
3368493,(2007 DW),2025-02-23,20.38,0.2231284644,0.4989304142,False,93680.6662483848,27220027.238847427,70.7803566716,Earth,0.3610294393,2025-02,large
3672459,(2014 KG39),2025-02-23,25.0,0.02658,0.0594346868,False,48664.1302764077,18878369.62871188,49.0895076619,Earth,0.043007343399999995,2025-02,small
3712903,(2015 EF),2025-02-23,26.8,0.0116025908,0.0259441818,False,86552.6598531083,48040384.099053726,124.9196222816,Earth,0.0187733863,2025-02,small
3781003,(2017 QF17),2025-02-23,19.7,0.3051792326,0.6824015094,False,31925.5687501408,53112198.636172906,138.1078839523,Earth,0.493790371,2025-02,large
3994622,(2020 DV2),2025-02-23,25.1,0.0253837029,0.0567596853,False,47183.7972606696,45025589.98580675,117.0802398756,Earth,0.0410716941,2025-02,small
2887771,887771 (2007 DW),2025-02-23,20.38,0.2231284644,0.4989304142,False,93680.6662420477,27220027.238847427,70.7803566716,Earth,0.3610294393,2025-02,large
3342249,(2006 SC),2025-02-22,25.1,0.0253837029,0.0567596853,False,67701.0493716455,34736492.54117186,90.3254544902,Earth,0.0410716941,2025-02,small
3409433,(2008 GC110),2025-02-22,22.3,0.0921626549,0.2060819612,False,25198.4822814663,51174999.44906549,133.0705763771,Earth,0.14912230804999999,2025-02,medium
3825491,(2018 MJ7),2025-02-22,23.16,0.0620233153,0.1386883492,False,51903.8209074406,52129708.58119396,135.5531107367,Earth,0.10035583225,2025-02,medium
3838888,(2019 EO),2025-02-22,23.18,0.0614546821,0.1374168468,False,39641.6771672062,47266886.60680301,122.908293347,Earth,0.09943576444999999,2025-02,medium
3092144,(1996 BG1),2025-02-21,23.72,0.0479242116,0.1071617948,False,73202.3231498896,57070250.0000422,148.40002234,Earth,0.0775430032,2025-02,medium
3599405,(2012 DZ),2025-02-21,26.27,0.0148099972,0.0331161605,False,60019.8439064184,1066006.820812985,2.7719422295,Earth,0.02396307885,2025-02,small
3600563,(2012 EO3),2025-02-21,22.98,0.067383719,0.1506745763,False,80459.6076270749,71784376.96715167,186.6612314749,Earth,0.10902914764999999,2025-02,medium
3736497,(2015 XF261),2025-02-21,25.25,0.0236894499,0.0529712204,False,29601.8218261245,43975800.32209111,114.3504671911,Earth,0.03833033515,2025-02,small
3786458,(2017 UG),2025-02-21,27.5,0.008405334,0.0187948982,False,41696.4976201807,48115814.0229096,125.1157630447,Earth,0.0136001161,2025-02,small
3825135,(2018 LV2),2025-02-21,25.3,0.0231502122,0.0517654482,False,37475.9521001186,43476378.81357977,113.0518192437,Earth,0.0374578302,2025-02,small
3435023,(2008 UB95),2025-02-20,24.8,0.0291443905,0.0651688382,False,79385.8164954934,65360740.66566144,169.9578217186,Earth,0.04715661435,2025-02,small
3599931,(2012 DV32),2025-02-20,21.8,0.1160259082,0.2594418179,False,26286.0539369595,29453387.214127004,76.5877724482,Earth,0.18773386305,2025-02,medium
3740096,(2016 AX165),2025-02-20,23.13,0.0628861456,0.1406176963,False,33088.6463879334,5724654.196436713,14.8858435111,Earth,0.10175192095,2025-02,medium
3745060,(2016 ET1),2025-02-20,28.9,0.004411182,0.0098637028,False,14823.7380741109,9170110.852316923,23.8450796228,Earth,0.0071374424,2025-02,small
3989813,(2020 CX1),2025-02-20,24.13,0.0396784754,0.0887237683,False,24798.8592194701,17238026.515797023,44.8241162434,Earth,0.06420112185,2025-02,medium
2798099,798099 (2012 DV32),2025-02-20,21.79,0.1165614595,0.2606393469,False,26286.0539683215,29453387.214127004,76.5877724482,Earth,0.18860040320000002,2025-02,medium
3520662,(2010 JR34),2025-02-28,27.7,0.0076657557,0.0171411509,False,13306.1681679635,15545534.453067811,40.4231216811,Earth,0.012403453299999999,2025-02,small
3653537,(2013 VO5),2025-02-28,21.36,0.1420872067,0.317716653,True,103509.0427276256,27094717.360950854,70.4545128444,Earth,0.22990192985000002,2025-02,large
3713289,(2015 FF),2025-02-28,26.6,0.0127219879,0.0284472297,False,73320.3676653394,54539057.65991066,141.8181517538,Earth,0.0205846088,2025-02,small
3617076,(2012 VC26),2025-02-27,28.7,0.0048367649,0.0108153351,False,25676.1943632445,33769070.836367175,87.8098635719,Earth,0.007826050000000001,2025-02,small
3745029,(2016 EG1),2025-02-27,29.1,0.0040230458,0.0089958039,False,55215.245153236,18913001.92457134,49.1795621733,Earth,0.00650942485,2025-02,small
3748560,(2016 GE1),2025-02-27,26.7,0.0121494041,0.0271668934,False,74821.2311919312,61737703.72355964,160.5368228068,Earth,0.01965814875,2025-02,small
3802437,(2018 GC2),2025-02-27,26.8,0.0116025908,0.0259441818,False,65878.9563192455,73269220.78353204,190.522277388,Earth,0.0187733863,2025-02,small
3843427,(2019 OV3),2025-02-27,24.26,0.0373727432,0.0835679943,False,54597.1627004116,59048541.50799014,153.544182458,Earth,0.06047036875,2025-02,medium
3447919,(2009 DE1),2025-02-26,24.55,0.0327005439,0.0731206391,False,65861.1904307742,2508262.038457094,6.5222448218,Earth,0.05291059149999999,2025-02,medium
3607626,(2012 PK24),2025-02-26,23.64,0.0497227313,0.1111834072,False,79570.7907561889,53345755.91714449,138.7152039783,Earth,0.08045306925000001,2025-02,medium
3673598,(2014 LZ20),2025-02-26,24.46,0.0340843469,0.0762149166,False,34745.0328892897,62559063.01978583,162.672607001,Earth,0.05514963175,2025-02,medium
3693267,(2014 TC36),2025-02-26,25.0,0.02658,0.0594346868,False,52491.5037745931,61269520.13523746,159.3194029608,Earth,0.043007343399999995,2025-02,small
3733138,(2015 VK1),2025-02-26,26.6,0.0127219879,0.0284472297,False,77965.4078253569,43424729.90960568,112.9175163713,Earth,0.0205846088,2025-02,small
3758248,(2016 QG44),2025-02-26,22.43,0.0868070458,0.1941064553,False,55777.1753534861,29690660.85026449,77.2047561289,Earth,0.14045675055,2025-02,medium
3773595,(2017 FL127),2025-02-26,22.8,0.0732073989,0.1636967205,False,58311.1539328842,9629977.053383484,25.0408717301,Earth,0.1184520597,2025-02,medium
3576729,(2011 OB57),2025-03-01,26.0,0.0167708462,0.0375007522,False,33443.8085467128,41207184.5085955,107.1512233018,Earth,0.0271357992,2025-03,small
3685814,(2014 RF11),2025-03-01,23.8,0.046190746,0.1032856481,False,25579.2053310223,60273612.796896085,156.7297407242,Earth,0.07473819705,2025-03,medium
3757410,(2016 PA40),2025-03-01,24.49,0.0336166921,0.0751692087,False,29309.4175161847,22121481.17801624,57.5225849021,Earth,0.0543929504,2025-03,medium
3404530,(2008 EP),2025-03-02,24.31,0.0365220357,0.0816657545,False,36279.8968115034,9303846.875120612,24.1928339917,Earth,0.0590938951,2025-03,medium
3578917,(2011 SB25),2025-03-02,21.04,0.1646474378,0.3681628631,False,54927.4610877466,26977432.630870853,70.1495368444,Earth,0.26640515045,2025-03,large
3736205,(2015 XT128),2025-03-02,22.1,0.1010543415,0.2259643771,False,32841.9661090505,20055830.841978204,52.1512652388,Earth,0.1635093593,2025-03,medium
3766342,(2017 AT4),2025-03-02,26.6,0.0127219879,0.0284472297,False,55380.2214968402,61249402.19872008,159.2670902019,Earth,0.0205846088,2025-03,small
3838913,(2019 EM1),2025-03-02,22.29,0.0925880583,0.2070331923,False,81706.8077561095,35272064.07577297,91.7181035096,Earth,0.1498106253,2025-03,medium
3838892,(2019 ER),2025-03-02,27.1,0.0101054342,0.0225964377,False,60525.6066073188,54125880.46039812,140.7437652628,Earth,0.01635093595,2025-03,small
3989721,(2020 CU1),2025-03-02,24.19,0.0385971268,0.0863057993,False,16815.2043245118,57935308.59935025,150.6494380244,Earth,0.06245146305,2025-03,medium
2465402,465402 (2008 HW1),2025-03-03,17.39,0.8842090927,1.9771516375,False,139612.9747286311,16114897.603338124,41.9036391875,Earth,1.4306803651,2025-03,large
3662633,(2014 DE23),2025-03-03,24.7,0.0305179233,0.0682401509,False,45277.4388580445,18380736.65249511,47.7955104429,Earth,0.0493790371,2025-03,small
3785694,(2017 TN2),2025-03-03,22.23,0.095182033,0.212833496,False,78707.0973981442,11148642.704202808,28.9898647082,Earth,0.1540077645,2025-03,medium
3838904,(2019 ED1),2025-03-03,27.63,0.0079168967,0.0177027191,False,28560.9315420882,8425525.631768348,21.9089313956,Earth,0.012809807900000001,2025-03,small
54051386,(2020 QP5),2025-03-03,18.32,0.5761757511,1.2883681464,False,101544.3323672087,25888491.768436667,67.3179591255,Earth,0.93227194875,2025-03,large
2886371,886371 (2020 QP5),2025-03-03,18.34,0.57089334,1.2765563162,False,101544.3324752674,25888491.768436667,67.3179591255,Earth,0.9237248281,2025-03,large
2513312,513312 (2007 DM41),2025-03-04,22.06,0.102933082,0.2301653685,True,78054.5825424403,22911213.898787007,59.5761303729,Earth,0.16654922525,2025-03,medium
3736412,(2015 XX169),2025-03-04,27.4,0.0088014652,0.0196806745,False,20425.4263104376,31183682.47908777,81.0870668437,Earth,0.01424106985,2025-03,small
3884243,(2019 UC11),2025-03-04,24.75,0.0298232505,0.0666868155,False,114875.1863451302,66442206.70596342,172.7699626246,Earth,0.048255032999999996,2025-03,small
3709250,(2015 BY512),2025-03-10,21.49,0.1338304618,0.2992540101,False,62380.7415886568,66336716.092436776,172.4956549178,Earth,0.21654223595,2025-03,large
3785931,(2017 TA6),2025-03-10,27.1,0.0101054342,0.0225964377,False,59694.5904882901,63109087.8179589,164.1028389053,Earth,0.01635093595,2025-03,small
3843836,(2019 RB3),2025-03-10,24.2,0.0384197891,0.0859092601,False,64324.5734991006,45217659.22965208,117.579678376,Earth,0.06216452459999999,2025-03,medium
3989355,(2020 CB),2025-03-10,27.7,0.0076657557,0.0171411509,False,24764.878666185,36011593.24735043,93.6411044704,Earth,0.012403453299999999,2025-03,small
2535844,535844 (2015 BY310),2025-03-05,21.89,0.1113153296,0.2489086439,True,28297.7996168839,3672622.263137532,9.5499358404,Earth,0.18011198675,2025-03,medium
2539856,539856 (2017 EV2),2025-03-05,20.92,0.1740022951,0.38908096,False,79295.2506406145,25973552.623645693,67.5391432418,Earth,0.28154162755,2025-03,large
3092253,(2000 EM26),2025-03-05,22.51,0.0836671502,0.1870854353,False,103245.3440829101,73425700.02091396,190.9291710379,Earth,0.13537629275,2025-03,medium
3475238,(2009 VZ),2025-03-05,21.44,0.1369477737,0.3062245314,True,69223.5958414172,73742982.39771333,191.7542017992,Earth,0.22158615255,2025-03,large
3769806,(2017 DK34),2025-03-05,26.8,0.0116025908,0.0259441818,False,67547.8221804364,50504755.4089945,131.3277378488,Earth,0.0187733863,2025-03,small
3824978,(2018 KS),2025-03-06,27.9,0.0069912523,0.0156329154,False,21205.6550362743,40674211.92283011,105.7653323405,Earth,0.01131208385,2025-03,small
3892681,(2019 VW2),2025-03-06,22.7,0.0766575574,0.1714115092,False,78169.9257414695,64107970.04458331,166.700236757,Earth,0.1240345333,2025-03,medium
3324685,(2006 DU63),2025-03-07,22.48,0.0848310762,0.189688053,False,60154.9892854625,17087569.654827483,44.4328826054,Earth,0.1372595646,2025-03,medium
3408585,(2008 GR3),2025-03-07,24.9,0.0278326768,0.0622357573,False,16442.4700613992,68547729.6614883,178.2449632359,Earth,0.04503421705,2025-03,small
3744319,(2016 CW247),2025-03-07,22.44,0.0864082036,0.1932146172,False,51285.0439165594,19213821.90848508,49.9617857019,Earth,0.1398114104,2025-03,medium
3770351,(2017 EV),2025-03-07,26.73,0.011982708,0.0267941497,False,29390.8694530501,1168680.611166038,3.0389253386,Earth,0.01938842885,2025-03,small
3791298,(2017 XT2),2025-03-07,25.3,0.0231502122,0.0517654482,False,20443.0573563233,64290973.14887388,167.1761005348,Earth,0.0374578302,2025-03,small
2137126,137126 (1999 CF9),2025-03-08,18.08,0.6435095206,1.4389310323,True,66982.8203734921,7902730.593013318,20.5495051546,Earth,1.04122027645,2025-03,large
3754389,(2016 NC1),2025-03-08,25.46,0.021505769,0.0480883614,False,14080.0375248278,19684139.869457696,51.1847555665,Earth,0.034797065200000005,2025-03,small
3827319,(2018 RC2),2025-03-08,23.11,0.0634680239,0.1419188158,False,44949.1257615845,756859.366747188,1.9680647436,Earth,0.10269341985,2025-03,medium
3976542,(2020 AY1),2025-03-08,25.3,0.0231502122,0.0517654482,False,16916.7127264121,11359577.361439165,29.5383590261,Earth,0.0374578302,2025-03,small
3989678,(2020 CR1),2025-03-08,27.1,0.0101054342,0.0225964377,False,40331.7034479929,23445035.302866764,60.9642285202,Earth,0.01635093595,2025-03,small
2066008,66008 (1998 QH2),2025-03-09,15.93,1.7320282714,3.8729329538,False,122687.1495479938,11613384.883284358,30.1983358426,Earth,2.8024806126,2025-03,large
2351545,351545 (2005 TE15),2025-03-09,19.81,0.2901048414,0.648694146,False,59796.936746051,26530689.02032261,68.987867467,Earth,0.4693994937,2025-03,large
3338034,(2006 QE),2025-03-09,19.66,0.3108529381,0.6950883007,False,76657.1933148743,44358829.70613338,115.3464601848,Earth,0.5029706194,2025-03,large
3591641,(2011 YW10),2025-03-09,24.64,0.0313729225,0.0701519874,False,36885.4064898782,17691053.401442923,46.0021240487,Earth,0.05076245495,2025-03,medium
3773839,(2017 GO5),2025-03-09,25.6,0.0201629919,0.0450858206,False,77905.4962378511,62951998.17638802,163.6943580187,Earth,0.03262440625,2025-03,small
3856730,(2019 SX4),2025-03-09,24.25,0.0375452479,0.0839537266,False,51822.0022912603,70074531.34206544,182.215112368,Earth,0.06074948725,2025-03,medium
2494658,494658 (2000 UG11),2025-03-12,20.71,0.191670368,0.428587972,True,56311.2341010158,23201645.77668837,60.3313416637,Earth,0.31012917,2025-03,large
3449135,(2009 EM1),2025-03-12,23.0,0.0667659413,0.1492931834,False,40611.0155324404,20877692.173696324,54.2883548781,Earth,0.10802956235,2025-03,medium
3728859,(2015 SZ16),2025-03-12,22.91,0.0695913044,0.1556108872,False,50965.442424828,19723643.76011456,51.2874777073,Earth,0.1126010958,2025-03,medium
3748472,(2016 FU12),2025-03-12,26.9,0.0110803882,0.0247765013,False,52581.5542389348,49976109.16370995,129.9530966897,Earth,0.01792844475,2025-03,small
3838839,(2019 DQ),2025-03-12,26.8,0.0116025908,0.0259441818,False,28624.4721937467,18718249.149254587,48.6731456742,Earth,0.0187733863,2025-03,small
54111253,(2021 CQ3),2025-03-12,18.944,0.4322698811,0.9665848387,False,150583.0194186808,69447542.71827646,180.5847510891,Earth,0.6994273599,2025-03,large
2796120,796120 (2009 EM1),2025-03-12,23.0,0.0667659413,0.1492931834,False,40611.0155397268,20877692.173696324,54.2883548781,Earth,0.10802956235,2025-03,medium
2469219,469219 Kamo`oalewa (2016 HO3),2025-03-13,24.31,0.0365220357,0.0816657545,False,11655.4744703499,25631363.547872145,66.6493474815,Earth,0.0590938951,2025-03,medium
3117427,(2002 EM7),2025-03-13,24.4,0.0350392641,0.0783501764,False,26852.776798605,17211967.61402811,44.7563551664,Earth,0.05669472025,2025-03,medium
3558374,(2011 EC7),2025-03-13,21.3,0.1460679643,0.3266178974,False,107816.769801563,35658520.68717779,92.7230083377,Earth,0.23634293085000002,2025-03,large
3713989,(2015 FC35),2025-03-13,22.15,0.0987540639,0.2208207999,False,92446.7190865369,69084011.87573062,179.6394602387,Earth,0.1597874319,2025-03,medium
3745995,(2016 EO84),2025-03-13,22.34,0.0904804968,0.2023205415,False,102708.3969921722,58837339.84847541,152.9949938529,Earth,0.14640051915000002,2025-03,medium
3788026,(2017 UG5),2025-03-13,26.3,0.0146067964,0.0326617897,False,48447.8066303446,32910492.472712424,85.5772984728,Earth,0.023634293049999998,2025-03,small
2483656,483656 (2005 ES70),2025-03-14,23.77,0.0468333233,0.1047224945,False,43392.6630002704,8465703.760025302,22.0134067594,Earth,0.0757779089,2025-03,medium
3724646,(2015 OO35),2025-03-14,24.5,0.0334622374,0.0748238376,False,55881.0087319408,38324285.99035653,99.6548095922,Earth,0.0541430375,2025-03,medium
3758927,(2016 RN1),2025-03-14,21.01,0.1669379118,0.3732845187,True,61761.5658944528,29647919.78137912,77.0936163393,Earth,0.27011121525000004,2025-03,large
3770320,(2017 DR109),2025-03-14,27.6,0.0080270317,0.0179489885,False,73131.0509507368,65676911.26101055,170.7799615097,Earth,0.012988010099999999,2025-03,small
3837683,(2019 AQ5),2025-03-14,25.4,0.022108281,0.0494356193,False,15641.7714818337,54092292.86630402,140.656427294,Earth,0.035771950149999995,2025-03,small
3838894,(2019 ET),2025-03-14,24.5,0.0334622374,0.0748238376,False,54123.9402209926,48110563.73606408,125.1021107007,Earth,0.0541430375,2025-03,medium
3878589,(2019 TF3),2025-03-14,28.0,0.0066765941,0.0149293183,False,48769.3464611166,59335472.75085414,154.2902910321,Earth,0.0108029562,2025-03,small
3717075,(2015 FE345),2025-03-15,22.95,0.0683211199,0.1527706684,False,30049.6894241922,59106593.72439278,153.6951358919,Earth,0.11054589415,2025-03,medium
2325102,325102 (2008 EY5),2025-03-16,20.17,0.2457847746,0.5495914639,False,108637.2446708416,69739452.48849533,181.3438053498,Earth,0.39768811925,2025-03,large
3632080,(2013 EG68),2025-03-16,24.9,0.0278326768,0.0622357573,False,67243.2866980139,22143040.95376448,57.5786468819,Earth,0.04503421705,2025-03,small
3758247,(2016 QE44),2025-03-16,21.56,0.1295850727,0.2897610314,False,65594.736694282,28319636.14978812,73.639674564,Earth,0.20967305204999998,2025-03,large
3802451,(2018 GJ2),2025-03-16,20.8,0.1838886721,0.411187571,False,44018.0431883089,23280684.8538765,60.5368673241,Earth,0.29753812155,2025-03,large
3553062,(2010 XA11),2025-03-17,26.1,0.0160160338,0.0358129403,False,58604.0820539483,26025592.875647705,67.6744637382,Earth,0.025914487049999997,2025-03,small
3714001,(2015 FN35),2025-03-17,23.73,0.0477040198,0.1066694311,False,71316.5783783796,41798940.08139867,108.6899679231,Earth,0.07718672545,2025-03,medium
3831218,(2018 TD2),2025-03-17,26.5,0.0133215567,0.0297879063,False,74534.3360184618,73826392.17115074,191.9710926003,Earth,0.0215547315,2025-03,small
3976545,(2020 AB2),2025-03-17,27.0,0.0105816886,0.023661375,False,24830.0150564839,48738059.70606939,126.7337912342,Earth,0.0171215318,2025-03,small
2141078,141078 (2001 XQ30),2025-03-18,18.67,0.4904050984,1.0965791366,False,24099.6812404517,29107278.838717114,75.6877853158,Earth,0.7934921175,2025-03,large
2303450,303450 (2005 BY2),2025-03-18,20.51,0.2101623793,0.4699373665,True,26100.8382565332,25586138.421315216,66.5317483858,Earth,0.3400498729,2025-03,large
3557535,(2011 CK50),2025-03-18,24.12,0.0398616229,0.0891332986,False,42923.8476678463,14658609.23782037,38.116846139,Earth,0.06449746075,2025-03,medium
3781467,(2017 RY15),2025-03-18,22.72,0.0759547566,0.1698399991,False,40124.733123996,17133778.940891784,44.5530408154,Earth,0.12289737785,2025-03,medium
2462238,462238 (2008 CN1),2025-03-20,20.66,0.1961349444,0.4385710684,True,66079.8670338079,49188925.87487994,127.906180518,Earth,0.31735300639999997,2025-03,large
3840738,(2019 FN2),2025-03-20,23.7,0.0483676488,0.1081533507,False,51886.6892112298,55448221.33156316,144.182254052,Earth,0.07826049975,2025-03,medium
2138258,138258 (2000 GD2),2025-03-21,18.98,0.425162524,0.9506923052,False,100303.515070699,64256255.85150469,167.0858249936,Earth,0.6879274146000001,2025-03,large
3786459,(2017 UE),2025-03-21,26.9,0.0110803882,0.0247765013,False,20238.7768281627,37440397.83626689,97.3564313336,Earth,0.01792844475,2025-03,small
3827162,(2018 RR),2025-03-21,27.6,0.0080270317,0.0179489885,False,34077.2943663132,15796534.905520542,41.0757992627,Earth,0.012988010099999999,2025-03,small
3023012,(1999 RA32),2025-03-22,21.32,0.1447288051,0.3236234466,False,22213.3971855424,13740417.79846676,35.7292688967,Earth,0.23417612584999997,2025-03,large
54178992,(2021 PS2),2025-03-22,20.0,0.2658,0.5943468684,True,41351.3518655362,10126125.345539438,26.3310083186,Earth,0.4300734342,2025-03,large
2618350,618350 (2021 PS2),2025-03-22,19.91,0.2770479727,0.6194981001,True,41351.1908727067,10126358.25446324,26.3316139527,Earth,0.44827303639999994,2025-03,large
3092124,(1994 GL),2025-03-23,25.5,0.0211132445,0.0472106499,False,79814.3510173741,52987376.3725336,137.7833080706,Earth,0.0341619472,2025-03,small
3370497,(2007 EE26),2025-03-23,26.1,0.0160160338,0.0358129403,False,69076.2266907865,72221520.49342754,187.7979377109,Earth,0.025914487049999997,2025-03,small
3562324,(2011 GP44),2025-03-23,24.4,0.0350392641,0.0783501764,False,55128.8550217352,25052654.061236564,65.1445266555,Earth,0.05669472025,2025-03,medium
3633049,(2013 FY7),2025-03-23,22.51,0.0836671502,0.1870854353,False,34169.3288387293,73098359.58092299,190.0779862506,Earth,0.13537629275,2025-03,medium
3669221,(2014 HL123),2025-03-23,22.53,0.0829000851,0.1853702257,False,24927.0000276171,27338979.4466256,71.0896686212,Earth,0.1341351554,2025-03,medium
3693145,(2014 TJ33),2025-03-23,23.12,0.0631764148,0.1412667581,False,66323.2958976071,32662928.148695517,84.9335558711,Earth,0.10222158645,2025-03,medium
3841620,(2019 HM3),2025-03-23,27.0,0.0105816886,0.023661375,False,47176.4822896001,39363374.81371255,102.3567568344,Earth,0.0171215318,2025-03,small
3153530,(2003 HT42),2025-03-24,24.8,0.0291443905,0.0651688382,False,48453.6684422718,39809222.19838141,103.5160957517,Earth,0.04715661435,2025-03,small
3338369,(2006 QS23),2025-03-24,20.1,0.2538370294,0.5675968529,False,64801.9541762269,31072890.46112343,80.7989738716,Earth,0.41071694115,2025-03,large
3748508,(2016 FK14),2025-03-24,20.7,0.1925550782,0.4305662442,False,41480.25785285,27228068.677872047,70.8012668609,Earth,0.31156066120000003,2025-03,large
3781913,(2017 ST17),2025-03-24,24.82,0.0288771931,0.0645713667,False,61104.6474026314,41287279.85146434,107.3594955745,Earth,0.0467242799,2025-03,small
54522697,(2025 ED2),2025-03-24,20.803,0.1836347959,0.4106198867,False,41478.9261125058,27227180.739714663,70.7989579514,Earth,0.2971273413,2025-03,large
2152754,152754 (1999 GS6),2025-03-25,19.22,0.3806755436,0.8512163929,True,40968.0521003552,18287995.57727836,47.5543554167,Earth,0.6159459682499999,2025-03,large
3477940,(2009 WW7),2025-03-25,28.9,0.004411182,0.0098637028,False,26170.1299961433,50451719.20917296,131.1898275849,Earth,0.0071374424,2025-03,small
3653322,(2013 UM9),2025-03-25,24.57,0.0324007435,0.0724502651,False,27699.9826266591,66654931.750507936,173.3231124945,Earth,0.052425504299999995,2025-03,medium
3740897,(2016 BC14),2025-03-25,20.98,0.1692602495,0.3784774237,True,67725.385558573,66986103.10771364,174.1842588327,Earth,0.2738688366,2025-03,large
3837686,(2019 AX5),2025-03-25,26.0,0.0167708462,0.0375007522,False,23460.2596460043,53740640.57334937,139.7420242884,Earth,0.0271357992,2025-03,small
3840867,(2019 GM4),2025-03-25,23.59,0.0508809225,0.1137732014,False,67897.3482321473,53340787.35300776,138.7022841991,Earth,0.08232706195,2025-03,medium
3844004,(2019 SP2),2025-03-25,24.02,0.0417402433,0.0933340215,False,29496.7445485299,12472641.52368169,32.4326646677,Earth,0.0675371324,2025-03,medium
3732114,(2015 UG51),2025-03-19,25.8,0.0183888672,0.0411187571,False,65244.0999464672,52212414.047859415,135.7681701258,Earth,0.02975381215,2025-03,small
3750669,(2016 GC135),2025-03-19,23.57,0.0513517179,0.1148259319,False,31607.9926434514,29904812.53489626,77.7616156973,Earth,0.0830888249,2025-03,medium
3764835,(2016 WM8),2025-03-19,24.2,0.0384197891,0.0859092601,False,30643.0941758536,72927066.57902199,189.6325723036,Earth,0.06216452459999999,2025-03,medium
3699902,(2014 UV210),2025-03-30,26.9,0.0110803882,0.0247765013,False,11540.5152244826,30347482.745042272,78.9126929937,Earth,0.01792844475,2025-03,small
3715466,(2015 GK),2025-03-30,26.0,0.0167708462,0.0375007522,False,60327.9737221334,23312095.948559977,60.6185457319,Earth,0.0271357992,2025-03,small
3742881,(2016 CK137),2025-03-30,27.3,0.0092162655,0.0206081961,False,32222.112138095,70026078.44698603,182.0891200916,Earth,0.014912230799999999,2025-03,small
3761354,(2016 UR5),2025-03-30,26.7,0.0121494041,0.0271668934,False,71307.5053634579,70834158.20956849,184.190373456,Earth,0.01965814875,2025-03,small
3772842,(2017 FO91),2025-03-30,25.1,0.0253837029,0.0567596853,False,25472.9625972883,16311206.211462663,42.4141013255,Earth,0.0410716941,2025-03,small
3986764,(2020 BM1),2025-03-30,25.6,0.0201629919,0.0450858206,False,67371.891729237,59285471.323343,154.1602721,Earth,0.03262440625,2025-03,small
2414800,414800 (2010 SV3),2025-03-31,20.7,0.1925550782,0.4305662442,False,40882.0372871566,23602490.786028728,61.3736607063,Earth,0.31156066120000003,2025-03,large
3290880,(2005 SL),2025-03-31,22.4,0.0880146521,0.1968067451,False,34398.1109024142,5510062.604308419,14.3278400493,Earth,0.1424106986,2025-03,medium
3398649,(2007 YN56),2025-03-31,23.0,0.0667659413,0.1492931834,False,33000.2506167009,71833036.0679351,186.7877599489,Earth,0.10802956235,2025-03,medium
3667093,(2014 GT34),2025-03-31,21.65,0.1243240006,0.2779969165,False,61277.5262832556,18662330.707110908,48.5277407029,Earth,0.20116045855,2025-03,large
3765641,(2016 XB2),2025-03-31,21.54,0.1307841086,0.2924421572,False,64073.9760097766,28009402.71990463,72.8329732104,Earth,0.2116131329,2025-03,large
3773912,(2017 GL6),2025-03-31,23.06,0.0649463841,0.1452245297,False,56384.764530386,39192210.37622102,101.911677194,Earth,0.1050854569,2025-03,medium
3836294,(2018 WE1),2025-03-31,26.1,0.0160160338,0.0358129403,False,31161.0415504993,60249226.92290632,156.6663300287,Earth,0.025914487049999997,2025-03,small
2004034,4034 Vishnu (1986 PA),2025-04-01,18.5,0.5303407233,1.1858779086,True,43128.8093550132,23450598.862611853,60.9786954691,Earth,0.85810931595,2025-04,large
3666925,(2014 GJ1),2025-04-01,24.21,0.0382432662,0.0855145429,False,21198.9829644045,14228541.167202946,36.9985382415,Earth,0.06187890455,2025-04,medium
3714456,(2015 FU117),2025-04-01,24.43,0.0345585074,0.0772751717,False,24318.7782687966,26632062.505989622,69.2514693881,Earth,0.05591683955,2025-04,medium
3746490,(2016 ED86),2025-04-01,25.3,0.0231502122,0.0517654482,False,57421.5398402382,62026612.09675293,161.2880725216,Earth,0.0374578302,2025-04,small
54266059,(2022 FR3),2025-04-01,22.59,0.0806408277,0.1803183724,False,26770.8444069326,2532351.15515214,6.584883858,Earth,0.13047960005,2025-04,medium
2811221,811221 (2022 FR3),2025-04-01,22.58,0.0810130488,0.1811506842,False,26770.844411878,2532351.15515214,6.584883858,Earth,0.1310818665,2025-04,medium
3692751,(2014 TN17),2025-03-26,21.5,0.1332155667,0.2978790628,True,77281.7461140067,5092311.165684686,13.2415591442,Earth,0.21554731475,2025-03,large
3750678,(2016 GM135),2025-03-26,22.32,0.0913177026,0.2041925905,False,87093.6897858584,60229846.339330375,156.6159346119,Earth,0.14775514655,2025-03,medium
3843767,(2019 RK),2025-03-26,25.26,0.0235806068,0.0527278398,False,17450.828696339,37238134.06605296,96.8304839614,Earth,0.0381542233,2025-03,small
3371138,(2007 EJ88),2025-03-27,23.61,0.0504144434,0.1127301225,False,93064.507707226,7264722.261004817,18.8904892799,Earth,0.08157228295,2025-03,medium
3747305,(2016 ED157),2025-03-27,24.68,0.0308003021,0.0688715693,False,8998.1769068415,17445304.118463147,45.3631011062,Earth,0.0498359357,2025-03,small
3841200,(2019 GN20),2025-03-27,26.5,0.0133215567,0.0297879063,False,75410.9130302726,31416957.304321,81.6936523988,Earth,0.0215547315,2025-03,small
2882844,882844 (2016 ED157),2025-03-27,24.68,0.0308003021,0.0688715693,False,8998.1770918519,17445304.118463147,45.3631011062,Earth,0.0498359357,2025-03,small
3522631,(2010 KC),2025-03-28,24.18,0.038775283,0.0867041687,False,99689.0869752073,51438746.04395647,133.756397809,Earth,0.06273972585,2025-03,medium
3752012,(2016 GW221),2025-03-28,24.75,0.0298232505,0.0666868155,False,28135.2539738087,11283838.293584935,29.3414143945,Earth,0.048255032999999996,2025-03,small
54051583,(2020 QP6),2025-03-29,20.71,0.191670368,0.428587972,False,36111.0552721672,18198384.80757179,47.3213401377,Earth,0.31012917,2025-03,large
2791983,791983 (2020 QP6),2025-03-29,20.71,0.191670368,0.428587972,False,36111.0653872697,18198381.336901207,47.3213311129,Earth,0.31012917,2025-03,large
3394072,(2007 VZ137),2025-04-02,21.6,0.1272198785,0.2844722965,True,99470.2539463384,54315588.85537762,141.2370648375,Earth,0.2058460875,2025-04,large
3647019,(2013 RU5),2025-04-02,20.49,0.2121069879,0.4742856434,False,114647.6456500583,58886435.04200967,153.1226563008,Earth,0.34319631565,2025-04,large
3763937,(2016 WH),2025-04-02,27.07,0.0102460147,0.0229107855,False,63965.3321690003,33819619.83696188,87.9413063607,Earth,0.0165784001,2025-04,small
3843838,(2019 RE3),2025-04-02,22.85,0.0715409951,0.1599705282,False,62551.0563777382,41398926.80629594,107.6498116427,Earth,0.11575576165,2025-04,medium
3879226,(2019 UJ),2025-04-02,26.9,0.0110803882,0.0247765013,False,48726.6892136863,27311710.32800796,71.018760612,Earth,0.01792844475,2025-04,small
2474163,474163 (1999 SO5),2025-04-03,20.81,0.1830437804,0.4092983358,True,26905.5348761462,10390262.0617558,27.0178441847,Earth,0.2961710581,2025-04,large
3879292,(2019 UN2),2025-04-03,25.08,0.0256185754,0.0572848762,False,63023.1968475857,59379197.33597604,154.4039882633,Earth,0.0414517258,2025-04,small
3177230,(2004 FC18),2025-04-04,24.17,0.0389542616,0.087104377,False,66436.5520905602,7033760.802273477,18.2899191819,Earth,0.0630293193,2025-04,medium
3667048,(2014 GQ17),2025-04-04,27.1,0.0101054342,0.0225964377,False,49314.5137067728,39063153.93934859,101.576091173,Earth,0.01635093595,2025-04,small
3772997,(2017 FA102),2025-04-04,25.49,0.0212106988,0.0474285643,False,54558.6365887366,4491937.813102926,11.6804056722,Earth,0.03431963155,2025-04,small
3989396,(2020 CE),2025-04-04,25.0,0.02658,0.0594346868,False,46936.2482928407,52054702.36338529,135.3580717383,Earth,0.043007343399999995,2025-04,small
3275978,(2005 GR33),2025-04-05,22.14,0.0992098919,0.2218400624,False,91815.5700356918,60596016.52213683,157.5680885504,Earth,0.16052497715,2025-04,medium
3386864,(2007 SQ6),2025-04-05,22.24,0.0947447113,0.2118556149,False,23674.8401404804,4192064.394751826,10.9006435022,Earth,0.1533001631,2025-04,medium
3601673,(2012 FT35),2025-04-05,29.2,0.0038419789,0.008590926,False,49217.3298199228,44568211.17844425,115.8909157491,Earth,0.00621645245,2025-04,small
3698845,(2014 WU202),2025-04-05,26.8,0.0116025908,0.0259441818,False,21340.9153033737,63275606.13456269,164.5358372171,Earth,0.0187733863,2025-04,small
3699442,(2014 WP362),2025-04-05,23.2,0.0608912622,0.1361570015,False,45774.1784983874,59369123.29573194,154.3777926921,Earth,0.09852413185,2025-04,medium
3824993,(2018 KF1),2025-04-05,25.8,0.0183888672,0.0411187571,False,69954.2338109616,55173852.928867295,143.4688126865,Earth,0.02975381215,2025-04,small
2794904,794904 (2007 SQ6),2025-04-05,22.3,0.0921626549,0.2060819612,False,23674.8591782592,4192070.438505774,10.9006592178,Earth,0.14912230804999999,2025-04,medium
3878573,(2019 TC2),2025-04-06,27.9,0.0069912523,0.0156329154,False,87619.852600299,70498067.34136762,183.3164348917,Earth,0.01131208385,2025-04,small
3152317,(2003 GQ22),2025-04-07,21.34,0.1434019235,0.320656449,True,32031.67771517,7500278.15455981,19.503006307,Earth,0.23202918625000002,2025-04,large
3728860,(2015 SC17),2025-04-07,22.95,0.0683211199,0.1527706684,False,76941.4519619255,59482628.27106874,154.6729401792,Earth,0.11054589415,2025-04,medium
3744157,(2016 CP247),2025-04-07,23.6,0.0506471459,0.1132504611,False,10554.5914654989,72892005.98446071,189.5414040852,Earth,0.0819488035,2025-04,medium
2085953,85953 (1999 FK21),2025-04-08,18.09,0.6405528629,1.4323197447,False,68356.9921302076,12078253.487525849,31.4071357209,Earth,1.0364363038,2025-04,large
3278402,(2005 KA),2025-04-08,24.7,0.0305179233,0.0682401509,False,37065.2206221515,30606735.330159727,79.5868286322,Earth,0.0493790371,2025-04,small
3747992,(2016 FY2),2025-04-08,25.5,0.0211132445,0.0472106499,False,63066.8754070337,64253465.94098791,167.078570377,Earth,0.0341619472,2025-04,small
3520758,(2010 HX107),2025-04-10,23.54,0.0520660914,0.1164233197,False,60430.5193652806,50329194.03578729,130.8712248371,Earth,0.08424470554999999,2025-04,medium
3564039,(2011 HN5),2025-04-10,25.1,0.0253837029,0.0567596853,False,65054.3768431247,57292196.40689139,148.9771505589,Earth,0.0410716941,2025-04,small
3638238,(2013 JO7),2025-04-10,26.0,0.0167708462,0.0375007522,False,45809.0331099923,49934823.84665734,129.845742298,Earth,0.0271357992,2025-04,small
3692289,(2014 TL),2025-04-10,27.8,0.0073207399,0.016369672,False,25285.9154921356,19334957.61685419,50.2767754177,Earth,0.01184520595,2025-04,small
3892307,(2019 US14),2025-04-10,22.1,0.1010543415,0.2259643771,False,65442.4277848492,61372928.72040838,159.5882967601,Earth,0.1635093593,2025-04,medium
3717041,(2015 HE10),2025-04-11,26.1,0.0160160338,0.0358129403,False,66217.7297811413,53627295.24885944,139.4472919421,Earth,0.025914487049999997,2025-04,small
3840784,(2019 GF1),2025-04-11,27.5,0.008405334,0.0187948982,False,58883.1073237937,72914609.53446752,189.6001801958,Earth,0.0136001161,2025-04,small
3989194,(2020 BP8),2025-04-11,25.5,0.0211132445,0.0472106499,False,84334.031995828,39462157.3390701,102.61362147,Earth,0.0341619472,2025-04,small
3991699,(2020 DX1),2025-04-11,26.5,0.0133215567,0.0297879063,False,19851.3822041247,33446276.90004232,86.9705010781,Earth,0.0215547315,2025-04,small
54329622,(2022 WY5),2025-04-11,21.6,0.1272198785,0.2844722965,False,30757.1370163629,25690182.767514057,66.8022953573,Earth,0.2058460875,2025-04,large
2875056,875056 (2022 WY5),2025-04-11,21.6,0.1272198785,0.2844722965,False,30757.1362637479,25690182.767514057,66.8022953573,Earth,0.2058460875,2025-04,large
3441092,(2008 XS),2025-04-12,27.1,0.0101054342,0.0225964377,False,26858.3079605563,71776455.29618177,186.640632719,Earth,0.01635093595,2025-04,small
3713935,(2015 FS33),2025-04-12,22.56,0.0817626533,0.1828268509,False,74518.440693332,5610110.697726593,14.5879955471,Earth,0.1322947521,2025-04,medium
3740028,(2016 AX164),2025-04-12,26.2,0.0152951935,0.0342010925,False,18979.6117143124,60969809.49432871,158.5400640617,Earth,0.024748143,2025-04,small
3774114,(2017 HG4),2025-04-12,27.7,0.0076657557,0.0171411509,False,32621.9696247062,26724028.035928715,69.4906077605,Earth,0.012403453299999999,2025-04,small
3827322,(2018 RF2),2025-04-12,28.2,0.0060891262,0.0136157002,False,51965.8524998762,23826552.446920566,61.9562892296,Earth,0.0098524132,2025-04,small
3831212,(2018 TZ1),2025-04-12,25.0,0.02658,0.0594346868,False,55894.1993074714,54117496.9060046,140.7219654694,Earth,0.043007343399999995,2025-04,small
3989218,(2020 BS9),2025-04-12,26.2,0.0152951935,0.0342010925,False,57408.3116813441,54497976.06523741,141.7113271023,Earth,0.024748143,2025-04,small
3703885,(2015 AQ45),2025-04-13,21.45,0.1363185559,0.3048175575,False,20568.6688161505,22671461.54562192,58.9527012734,Earth,0.22056805670000001,2025-04,large
2784199,784199 (2015 AQ45),2025-04-13,21.42,0.1382149359,0.3090579921,False,20568.6732083366,22671461.05194895,58.9526999897,Earth,0.223636464,2025-04,large
3152316,(2003 GJ21),2025-04-14,22.9,0.0699125232,0.1563291544,False,55396.8448382405,59053024.91127468,153.5558406713,Earth,0.11312083880000001,2025-04,medium
3441846,(2008 YN2),2025-04-14,26.3,0.0146067964,0.0326617897,False,20718.909111484,36398147.53120458,94.6462632766,Earth,0.023634293049999998,2025-04,small
3763283,(2016 VU1),2025-04-14,24.6,0.0319561887,0.0714562102,False,51611.0326472952,59141956.40193294,153.787089618,Earth,0.05170619945,2025-04,medium
3892698,(2019 VP3),2025-04-14,28.1,0.0063760979,0.0142573883,False,37968.6357905209,15749850.376942825,40.9544052775,Earth,0.0103167431,2025-04,small
3751530,(2016 GF216),2025-04-15,24.9,0.0278326768,0.0622357573,False,35993.1202378601,44923732.47623135,116.815379345,Earth,0.04503421705,2025-04,small
3774436,(2017 HZ49),2025-04-15,25.5,0.0211132445,0.0472106499,False,62615.1734444272,63938523.21503618,166.2596234201,Earth,0.0341619472,2025-04,small
3407680,(2008 FW6),2025-04-09,21.0,0.1677084622,0.3750075218,True,96437.7243550494,65299890.65493427,169.7995931678,Earth,0.271357992,2025-04,large
3692749,(2014 TL17),2025-04-09,22.91,0.0695913044,0.1556108872,False,31665.8383909412,8937622.104051393,23.2405381071,Earth,0.1126010958,2025-04,medium
3780633,(2017 PK25),2025-04-09,25.3,0.0231502122,0.0517654482,False,61407.6321792089,66855344.86043188,173.8442475866,Earth,0.0374578302,2025-04,small
2880302,880302 (2014 TL17),2025-04-09,22.9,0.0699125232,0.1563291544,False,31665.8383948142,8937622.104051393,23.2405381071,Earth,0.11312083880000001,2025-04,medium
2436030,436030 (2009 JO2),2025-04-20,19.42,0.3471802221,0.776318577,False,58684.6059560122,8490482.642579343,22.0778393968,Earth,0.56174939955,2025-04,large
3137735,(2002 TX59),2025-04-20,23.9,0.04411182,0.0986370281,False,27017.3906888221,43325421.95164933,112.659285451,Earth,0.07137442405,2025-04,medium
3153509,(2003 HM),2025-04-20,22.11,0.100590039,0.2249261651,False,50908.291447667,11234721.812273776,29.2136965919,Earth,0.16275810205,2025-04,medium
3830886,(2018 SN2),2025-04-20,24.4,0.0350392641,0.0783501764,False,46180.1374349591,51993480.15315756,135.1988753555,Earth,0.05669472025,2025-04,medium
3841545,(2019 HS2),2025-04-20,26.6,0.0127219879,0.0284472297,False,62000.1127542996,36255149.75467132,94.2744255287,Earth,0.0205846088,2025-04,small
54100193,(2020 XD5),2025-04-20,19.81,0.2901048414,0.648694146,True,48931.2832888249,43706478.69329842,113.650148974,Earth,0.4693994937,2025-04,large
2009058,9058 (1992 JB),2025-04-21,17.82,0.7253622947,1.6219593992,False,42009.0473007104,15290773.409359025,39.7606654175,Earth,1.17366084695,2025-04,large
3418110,(2008 NP3),2025-04-21,22.83,0.0722029558,0.1614507173,False,30239.148602875,48121779.88124669,125.1312760924,Earth,0.11682683655,2025-04,medium
3599541,(2012 DO8),2025-04-21,22.34,0.0904804968,0.2023205415,False,70026.9401853929,61825623.66334054,160.7654414133,Earth,0.14640051915000002,2025-04,medium
3879726,(2019 UU6),2025-04-21,23.6,0.0506471459,0.1132504611,False,73368.8121362598,59231306.7666272,154.0194277647,Earth,0.0819488035,2025-04,medium
3669255,(2014 HS124),2025-04-22,23.16,0.0620233153,0.1386883492,False,31991.3424390771,4169551.321536804,10.8421026588,Earth,0.10035583225,2025-04,medium
3587871,(2011 VG9),2025-04-16,22.38,0.0888290416,0.1986277755,False,85519.535153189,4659617.637488974,12.1164242578,Earth,0.14372840855,2025-04,medium
3602705,(2012 HF2),2025-04-16,24.72,0.0302381333,0.0676145215,False,45277.619459814,7478728.521547162,19.4469707014,Earth,0.0489263274,2025-04,small
3276397,(2005 GD60),2025-04-17,21.7,0.1214940408,0.2716689341,True,78961.8018305477,56689685.62986264,147.4104391327,Earth,0.19658148744999998,2025-04,medium
3617706,(2012 VK76),2025-04-17,21.42,0.1382149359,0.3090579921,False,59859.4887062708,29919422.72663385,77.7996066432,Earth,0.223636464,2025-04,large
3781579,(2017 RN16),2025-04-17,28.9,0.004411182,0.0098637028,False,31187.8204699559,4190118.201262061,10.8955828067,Earth,0.0071374424,2025-04,small
3841534,(2019 HQ),2025-04-17,26.25,0.0149470324,0.0334225806,False,42673.6334572121,21799959.97548999,56.6865319036,Earth,0.024184806500000003,2025-04,small
3009003,(1996 FQ3),2025-04-18,20.8,0.1838886721,0.411187571,False,29735.5786329213,21878260.832069032,56.8901379657,Earth,0.29753812155,2025-04,large
3824968,(2018 JC5),2025-04-18,22.69,0.0770113926,0.1722027088,False,28906.8414543829,24027527.20708764,62.4788847833,Earth,0.1246070507,2025-04,medium
2826914,826914 (1996 FQ3),2025-04-18,20.8,0.1838886721,0.411187571,False,29735.5763243512,21878261.4454203,56.8901395606,Earth,0.29753812155,2025-04,large
3516408,(2010 GK65),2025-04-19,24.5,0.0334622374,0.0748238376,False,84084.3439383409,51986746.22943632,135.181365104,Earth,0.0541430375,2025-04,medium
3717054,(2015 HW10),2025-04-19,25.7,0.0192555078,0.0430566244,False,56177.489326631,53913770.66701356,140.1922152332,Earth,0.031156066099999997,2025-04,small
2223456,223456 (2003 UB10),2025-04-23,18.29,0.5841911542,1.3062911326,False,27504.8765487749,26648300.93590409,69.2936942489,Earth,0.9452411434,2025-04,large
2439437,439437 (2013 NK4),2025-04-23,18.94,0.4330668855,0.9683669947,True,81230.9240635009,28314051.27234656,73.6251521826,Earth,0.7007169401,2025-04,large
3457390,(2009 HG),2025-04-23,24.34,0.0360209346,0.0805452583,False,22528.0574386989,23833519.35436455,61.9744053097,Earth,0.05828309645,2025-04,medium
3670392,(2014 JF15),2025-04-23,25.37,0.0224158379,0.0501233372,False,36789.7021976102,22648352.833527707,58.8926115876,Earth,0.036269587549999996,2025-04,small
3694127,(2014 UV34),2025-04-23,25.03,0.0262153087,0.0586192124,False,16764.0141515434,14743029.425191335,38.3363643239,Earth,0.04241726055,2025-04,small
3735678,(2015 XT1),2025-04-23,23.38,0.0560473362,0.1253256538,False,52315.4180781018,64314496.815539904,167.2372692288,Earth,0.09068649499999999,2025-04,medium
3772987,(2017 FQ101),2025-04-23,25.0,0.02658,0.0594346868,False,26445.617198447,19321953.747205507,50.2429613982,Earth,0.043007343399999995,2025-04,small
3879165,(2019 TY6),2025-04-23,25.04,0.0260948603,0.0583498816,False,46289.4141925688,52018468.57744812,135.2638528652,Earth,0.042222370950000004,2025-04,small
54143414,(2021 JY),2025-04-23,18.8,0.4619074603,1.0328564805,True,77746.040362687,28919645.411073875,75.1998812878,Earth,0.7473819704,2025-04,large
2886662,886662 (2021 JY),2025-04-23,18.8,0.4619074603,1.0328564805,True,77746.0400257874,28919645.500832595,75.1998815212,Earth,0.7473819704,2025-04,large
3126185,(2002 JQ100),2025-04-24,19.8,0.2914439045,0.6516883822,False,97122.5884935997,56162827.886953086,146.0404486242,Earth,0.47156614335,2025-04,large
3557843,(2011 DV),2025-04-24,20.79,0.1847374636,0.4130855266,True,23032.7882729274,20010962.95513483,52.0345950751,Earth,0.2989114951,2025-04,large
3634388,(2013 GR38),2025-04-24,21.96,0.1077841687,0.2410127282,True,63180.0006287249,14680317.5792133,38.1732944347,Earth,0.17439844845,2025-04,medium
3636252,(2013 HJ19),2025-04-24,21.5,0.1332155667,0.2978790628,False,49996.7432988422,74695030.6474879,194.2298170547,Earth,0.21554731475,2025-04,large
3702717,(2014 YE1),2025-04-24,23.4,0.0555334912,0.1241766613,False,102196.5424052879,55154696.36810168,143.4189997972,Earth,0.08985507625,2025-04,medium
3840753,(2019 FY2),2025-04-24,27.4,0.0088014652,0.0196806745,False,19132.3798876241,4885087.298573466,12.7027140102,Earth,0.01424106985,2025-04,small
3873162,(2019 SW9),2025-04-24,24.5,0.0334622374,0.0748238376,False,24993.0977099871,69299819.21982883,180.2006250257,Earth,0.0541430375,2025-04,medium
2462959,462959 (2011 DU),2025-04-25,21.08,0.1616422833,0.3614431336,True,34142.9308769221,4930682.81449673,12.821276231,Earth,0.26154270845,2025-04,large
3329605,(2006 GU2),2025-04-25,27.8,0.0073207399,0.016369672,False,78642.627362806,73671137.69153053,191.5673836934,Earth,0.01184520595,2025-04,small
3562319,(2011 GJ44),2025-04-25,21.8,0.1160259082,0.2594418179,False,61134.1651798427,40281446.60468973,104.7440229545,Earth,0.18773386305,2025-04,medium
3819573,(2018 HH2),2025-04-25,23.12,0.0631764148,0.1412667581,False,34815.2081585688,24935803.374416582,64.8406793001,Earth,0.10222158645,2025-04,medium
3879166,(2019 TB7),2025-04-25,26.8,0.0116025908,0.0259441818,False,30114.2580627492,34926053.05865687,90.8183695384,Earth,0.0187733863,2025-04,small
3644727,(2013 NJ4),2025-04-26,27.4,0.0088014652,0.0196806745,False,20758.3881298031,45426389.26307825,118.1224400009,Earth,0.01424106985,2025-04,small
3667485,(2014 GL49),2025-04-26,20.87,0.1780553292,0.3981438198,False,64242.3826635095,14547385.480403207,37.8276305129,Earth,0.2880995745,2025-04,large
3736681,(2015 XF352),2025-04-26,21.39,0.1401376972,0.3133574171,False,55146.2814849982,10433838.156031936,27.1311552945,Earth,0.22674755715,2025-04,large
3771019,(2017 ED3),2025-04-26,24.12,0.0398616229,0.0891332986,False,60092.9684849621,58364930.44944104,151.7665856127,Earth,0.06449746075,2025-04,medium
3893275,(2019 WK),2025-04-26,23.1,0.063760979,0.1425738833,False,66644.2931263952,65929930.35720149,171.4378881795,Earth,0.10316743115,2025-04,medium
2804325,804325 (2015 XF352),2025-04-26,21.38,0.1407845434,0.3148038092,False,55146.2815025266,10433838.141072148,27.1311552556,Earth,0.22779417629999998,2025-04,large
2819229,819229 (2014 GL49),2025-04-26,20.87,0.1780553292,0.3981438198,False,64242.3827015539,14547385.7197598,37.8276311353,Earth,0.2880995745,2025-04,large
2341843,341843 (2008 EV5),2025-04-27,20.05,0.2597496533,0.580817882,True,26824.0381805348,26121613.525129315,67.9241466558,Earth,0.42028376765,2025-04,large
2494710,494710 (2005 MO13),2025-04-27,20.75,0.1881719895,0.42076536,True,30139.1838645882,27635738.82075499,71.8613333283,Earth,0.30446867475,2025-04,large
3759318,(2016 RT20),2025-04-27,24.4,0.0350392641,0.0783501764,False,87349.710412058,72787524.96207935,189.2697216227,Earth,0.05669472025,2025-04,medium
3036363,(2000 HB24),2025-04-28,23.7,0.0483676488,0.1081533507,False,59048.7895211893,27126275.15130565,70.5365727056,Earth,0.07826049975,2025-04,medium
3092261,(2000 HP40),2025-04-28,24.02,0.0417402433,0.0933340215,False,47244.4630042075,58127216.561731935,151.1484571439,Earth,0.0675371324,2025-04,medium
3042504,(2000 JZ8),2025-04-28,21.41,0.138852907,0.310484539,False,27337.6984882881,20147965.4175104,52.3908431812,Earth,0.22466872300000001,2025-04,large
3751727,(2016 GW216),2025-04-28,22.63,0.0791689667,0.1770271912,False,17038.6932665479,20027367.22924798,52.0772511813,Earth,0.12809807895,2025-04,medium
54165395,(2021 MB2),2025-04-28,21.39,0.1401376972,0.3133574171,True,32433.0625711647,62271728.26658708,161.9254491772,Earth,0.22674755715,2025-04,large
2805737,805737 (2016 GW216),2025-04-28,22.64,0.0788052183,0.1762138252,False,17038.6931916672,20027367.199328404,52.0772511035,Earth,0.12750952175,2025-04,medium
2827121,827121 (2000 JZ8),2025-04-28,21.42,0.1382149359,0.3090579921,False,27337.6985703103,20147965.25295274,52.3908427533,Earth,0.223636464,2025-04,large
2155110,155110 (2005 TB),2025-04-29,17.46,0.8561600847,1.9144321491,False,70654.7368521954,17545847.261152726,45.6245438828,Earth,1.3852961169,2025-04,large
2358453,358453 (2007 EH88),2025-04-29,19.83,0.2874451443,0.6427468824,False,55123.6507859585,20314016.973800004,52.8226277741,Earth,0.46509601335,2025-04,large
3727667,(2015 SE),2025-04-29,26.4,0.0139493823,0.0311917671,False,31512.2928919244,71506094.21650895,185.9376116132,Earth,0.0225705747,2025-04,small
3753134,(2016 JV24),2025-04-29,23.96,0.0429096504,0.0959488953,False,109830.6414257688,66538556.066844776,173.0205002919,Earth,0.06942927285,2025-04,medium
3956449,(2019 YQ3),2025-04-29,26.4,0.0139493823,0.0311917671,False,20629.3666768239,66754088.52485687,173.5809502914,Earth,0.0225705747,2025-04,small
3550073,(2010 UJ7),2025-04-30,25.4,0.022108281,0.0494356193,False,62969.8562945834,66614387.72082075,173.2176856756,Earth,0.035771950149999995,2025-04,small
3719999,(2015 KR120),2025-04-30,22.97,0.0676947481,0.1513700585,False,59474.4944348646,41114716.83844596,106.910779212,Earth,0.1095324033,2025-04,medium
3802425,(2018 GN1),2025-04-30,27.4,0.0088014652,0.0196806745,False,53676.9692186454,30005556.8717612,78.02358164,Earth,0.01424106985,2025-04,small
3805268,(2018 HS),2025-04-30,25.1,0.0253837029,0.0567596853,False,80682.7405568519,34723968.73108801,90.2928887717,Earth,0.0410716941,2025-04,small
3884012,(2019 UT8),2025-04-30,27.2,0.0096506147,0.0215794305,False,63412.0794787666,72709123.57573166,189.0658541526,Earth,0.0156150226,2025-04,small
3485809,(2010 AO60),2025-05-03,21.75,0.1187284988,0.2654849942,False,59644.5201948874,51908028.38375444,134.9766747433,Earth,0.19210674649999998,2025-05,medium
3634275,(2013 GF23),2025-05-03,23.7,0.0483676488,0.1081533507,False,58251.5842446565,62423130.70577331,162.3191416064,Earth,0.07826049975,2025-05,medium
3774574,(2017 JJ2),2025-05-03,25.1,0.0253837029,0.0567596853,False,82611.3608524008,35156445.67148754,91.4174604639,Earth,0.0410716941,2025-05,small
3180147,(2004 HQ1),2025-05-02,23.47,0.0537718498,0.1202375114,False,54987.4141198657,38591185.13596095,100.3488286156,Earth,0.0870046806,2025-05,medium
3468431,(2009 SA100),2025-05-02,23.9,0.04411182,0.0986370281,False,22094.4277035613,23280141.843527976,60.5354553319,Earth,0.07137442405,2025-05,medium
3627059,(2013 DF),2025-05-02,24.6,0.0319561887,0.0714562102,False,41858.7010535052,61623817.991724126,160.2406852369,Earth,0.05170619945,2025-05,medium
3670293,(2014 HS184),2025-05-02,23.3,0.058150704,0.130028927,False,73432.6168468198,70395021.65070973,183.0484847286,Earth,0.09408981549999999,2025-05,medium
3748562,(2016 GB1),2025-05-02,21.56,0.1295850727,0.2897610314,False,91103.684847615,9590520.211256731,24.9382719298,Earth,0.20967305204999998,2025-05,large
3831479,(2018 TF3),2025-05-02,20.48,0.2130860292,0.4764748465,True,86029.9731486472,16396369.25697669,42.6355511677,Earth,0.34478043785,2025-05,large
3841529,(2019 HO),2025-05-02,23.98,0.0425162524,0.0950692305,False,33324.5933554481,20835342.707155254,54.1782333738,Earth,0.06879274145,2025-05,medium
3841721,(2019 JV1),2025-05-02,22.97,0.0676947481,0.1513700585,False,58480.1858195813,21823731.106952563,56.7483440814,Earth,0.1095324033,2025-05,medium
3076550,(2000 WL63),2025-05-05,19.8,0.2914439045,0.6516883822,False,35926.9087034558,41368211.1921101,107.5699416959,Earth,0.47156614335,2025-05,large
3465236,(2009 OS5),2025-05-05,24.4,0.0350392641,0.0783501764,False,51418.8559405969,66673217.03831889,173.3706598089,Earth,0.05669472025,2025-05,medium
3841713,(2019 JM1),2025-05-05,24.0,0.0421264611,0.0941976306,False,112254.9099875971,42100639.95510439,109.474479433,Earth,0.06816204584999999,2025-05,medium
3971134,(2020 AK),2025-05-05,19.01,0.4193290755,0.9376483177,False,38731.9292259239,19896771.7145292,51.7376630894,Earth,0.6784886966,2025-05,large
3348144,(2006 TL),2025-05-04,23.9,0.04411182,0.0986370281,False,40593.994466814,46661265.675097175,121.3334945719,Earth,0.07137442405,2025-05,medium
3460325,(2009 KY1),2025-05-04,23.84,0.0453476699,0.1014004725,False,17855.4059645099,18701690.99877236,48.6300894426,Earth,0.0733740712,2025-05,medium
3883096,(2019 UU7),2025-05-04,26.03,0.0165407416,0.0369862226,False,58960.5803756136,68116244.8541626,177.1229713917,Earth,0.0267634821,2025-05,small
3942366,(2019 YO),2025-05-04,26.5,0.0133215567,0.0297879063,False,14899.3416139245,32565747.068536315,84.6808554805,Earth,0.0215547315,2025-05,small
2387733,387733 (2003 GS),2025-05-06,18.93,0.4350658314,0.9728367737,False,33017.5827727292,23782605.783760656,61.8420145279,Earth,0.7039513025499999,2025-05,large
3719196,(2015 JR1),2025-05-06,26.1,0.0160160338,0.0358129403,False,30957.553168075,11196273.005474448,29.1137179903,Earth,0.025914487049999997,2025-05,small
3752902,(2016 JG12),2025-05-06,22.55,0.0821400526,0.1836707413,False,27275.0243715126,69671299.33415158,181.1665864025,Earth,0.13290539695,2025-05,medium
3774095,(2017 HQ3),2025-05-06,25.71,0.0191670368,0.0428587972,False,61179.7632266264,72121576.04141371,187.5380517123,Earth,0.031012917,2025-05,small
3843051,(2019 MG2),2025-05-06,22.14,0.0992098919,0.2218400624,False,89542.4039648316,64161859.99944894,166.8403670439,Earth,0.16052497715,2025-05,medium
3151655,(2003 FY6),2025-05-10,22.61,0.0799015081,0.1786652037,False,84342.5135037619,42896640.79670858,111.544323926,Earth,0.1292833559,2025-05,medium
3703548,(2015 AP44),2025-05-10,26.2,0.0152951935,0.0342010925,False,65258.1857865924,69612402.84720981,181.0134376082,Earth,0.024748143,2025-05,small
3736517,(2015 XY261),2025-05-10,27.2,0.0096506147,0.0215794305,False,60768.9973130735,25876391.91871639,67.286495833,Earth,0.0156150226,2025-05,small
3564142,(2011 HJ7),2025-05-12,22.39,0.0884209093,0.1977151638,False,56805.2290542866,2513733.535672983,6.5364723801,Earth,0.14306803655,2025-05,medium
3582867,(2011 UY114),2025-05-12,23.65,0.0494942761,0.1106725658,False,19325.8720987502,40229879.39611245,104.609932515,Earth,0.08008342095,2025-05,medium
3752720,(2016 HT19),2025-05-12,23.0,0.0667659413,0.1492931834,False,48701.5911680227,32385533.51572763,84.2122453857,Earth,0.10802956235,2025-05,medium
3752703,(2016 JE),2025-05-12,21.94,0.1087814834,0.2432427915,False,43292.5728397337,28214109.57293353,73.3652733416,Earth,0.17601213745,2025-05,medium
3774133,(2017 HA5),2025-05-12,27.5,0.008405334,0.0187948982,False,52168.0237132752,46707768.17298668,121.4544152219,Earth,0.0136001161,2025-05,small
3795061,(2017 YZ4),2025-05-12,28.1,0.0063760979,0.0142573883,False,71272.3086863716,52689144.83568511,137.0078152923,Earth,0.0103167431,2025-05,small
3841764,(2019 JV2),2025-05-12,23.0,0.0667659413,0.1492931834,False,62741.0565855349,13274490.280662265,34.5177155208,Earth,0.10802956235,2025-05,medium
3878618,(2019 TK5),2025-05-12,27.46,0.0085616008,0.0191443215,False,53852.3385806214,47499606.52865705,123.5134359844,Earth,0.013852961149999999,2025-05,small
2797455,797455 (2011 HJ7),2025-05-12,22.32,0.0913177026,0.2041925905,False,56805.2292361511,2513733.266396817,6.5364716799,Earth,0.14775514655,2025-05,medium
2883081,883081 (2016 JE),2025-05-12,21.94,0.1087814834,0.2432427915,False,43292.5728868526,28214109.57293353,73.3652733416,Earth,0.17601213745,2025-05,medium
2523809,523809 (2007 TV18),2025-05-11,23.79,0.0464039528,0.1037623929,False,25966.327331442,20693899.491847888,53.8104379583,Earth,0.07508317285,2025-05,medium
3182181,(2004 JP12),2025-05-11,23.6,0.0506471459,0.1132504611,False,95958.6336550901,7943557.078438852,20.6556664444,Earth,0.0819488035,2025-05,medium
3653907,(2013 WY43),2025-05-11,26.7,0.0121494041,0.0271668934,False,73777.5186889223,54270478.51526634,141.1197642215,Earth,0.01965814875,2025-05,small
3683472,(2014 QZ295),2025-05-11,24.8,0.0291443905,0.0651688382,False,43815.309450129,14098102.460971504,36.6593578994,Earth,0.04715661435,2025-05,small
3735392,(2015 WA1),2025-05-11,21.75,0.1187284988,0.2654849942,False,33336.5209229337,20013126.54424928,52.0402210654,Earth,0.19210674649999998,2025-05,medium
2842527,842527 (2015 WA1),2025-05-11,21.75,0.1187284988,0.2654849942,False,33336.5207567676,20013126.54424928,52.0402210654,Earth,0.19210674649999998,2025-05,medium
3596097,(2011 YU74),2025-05-13,22.85,0.0715409951,0.1599705282,False,18077.9281464548,4363318.261850044,11.3459556868,Earth,0.11575576165,2025-05,medium
3703538,(2015 AA44),2025-05-13,23.9,0.04411182,0.0986370281,False,26546.5560835419,26641284.451725986,69.2754492542,Earth,0.07137442405,2025-05,medium
3728898,(2015 TF),2025-05-13,22.14,0.0992098919,0.2218400624,False,40537.2593947338,36483645.22715379,94.8685833118,Earth,0.16052497715,2025-05,medium
3893340,(2019 VD6),2025-05-13,23.14,0.06259721,0.1399716167,False,62234.2743170828,32350643.118663058,84.1215197326,Earth,0.10128441334999999,2025-05,medium
3092201,(1998 VE31),2025-05-07,20.99,0.1684825693,0.3767384779,False,49215.8752185352,19375860.68142938,50.3831358366,Earth,0.2726105236,2025-05,large
3553988,(2010 XR69),2025-05-07,25.4,0.022108281,0.0494356193,False,43361.8842958358,67673610.47270647,175.9719872608,Earth,0.035771950149999995,2025-05,small
3608565,(2012 RH10),2025-05-07,22.11,0.100590039,0.2249261651,False,81796.0506268932,46709919.37539749,121.460009003,Earth,0.16275810205,2025-05,medium
3789741,(2017 WY27),2025-05-07,27.9,0.0069912523,0.0156329154,False,66834.4226343833,54268604.98146204,141.1148924633,Earth,0.01131208385,2025-05,small
3124996,(2002 JX8),2025-05-09,20.43,0.2180494405,0.4875733714,True,18495.7856690522,4206591.948626035,10.9384195645,Earth,0.35281140595,2025-05,large
3529624,(2010 LL68),2025-05-09,22.88,0.0705594158,0.1577756503,False,72542.1127156952,58220493.85555391,151.3910065017,Earth,0.11416753304999999,2025-05,medium
3703059,(2014 YE15),2025-05-09,28.3,0.0058150704,0.0130028927,False,36577.308573985,50055116.19703433,130.1585390263,Earth,0.009408981549999999,2025-05,small
3776269,(2017 MM8),2025-05-09,22.58,0.0810130488,0.1811506842,False,108154.6549620797,71558598.05735031,186.0741375817,Earth,0.1310818665,2025-05,medium
3792427,(2017 XN61),2025-05-09,22.41,0.0876102615,0.1959025002,False,9152.2087024189,26442634.098383613,68.7588978658,Earth,0.14175638085,2025-05,medium
3797690,(2018 AF12),2025-05-09,21.79,0.1165614595,0.2606393469,False,132943.9722222593,69973458.47331819,181.9522921424,Earth,0.18860040320000002,2025-05,medium
2612356,612356 (2002 JX8),2025-05-09,19.99,0.2670268771,0.5970902489,True,18495.702094076,4206653.328632096,10.9385791712,Earth,0.432058563,2025-05,large
2825328,825328 (2017 XN61),2025-05-09,22.41,0.0876102615,0.1959025002,False,9152.20895194,26442634.098383613,68.7588978658,Earth,0.14175638085,2025-05,medium
3550117,(2010 VB),2025-05-08,25.6,0.0201629919,0.0450858206,False,35199.2520031406,46531564.1871691,120.9962312218,Earth,0.03262440625,2025-05,small
2524471,524471 (2002 JW15),2025-05-20,20.36,0.2251930467,0.5035469604,False,29050.8319579432,17390907.430732466,45.2216531596,Earth,0.36437000355000004,2025-05,large
3427460,(2008 ST),2025-05-20,27.1,0.0101054342,0.0225964377,False,9120.2641226801,5184852.797021148,13.4821955556,Earth,0.01635093595,2025-05,small
3653694,(2013 VO13),2025-05-20,22.73,0.0756057762,0.1690596552,False,57741.357668341,14107085.42411054,36.682716338,Earth,0.1223327157,2025-05,medium
3720359,(2015 KU121),2025-05-20,22.9,0.0699125232,0.1563291544,False,40204.1969206243,64668591.92203336,168.1580242932,Earth,0.11312083880000001,2025-05,medium
3791307,(2017 UM52),2025-05-20,29.53,0.0033003118,0.0073797216,False,59134.8969265219,70750673.12856331,183.9732868323,Earth,0.0053400167,2025-05,small
3837644,(2019 AY3),2025-05-20,23.82,0.0457672667,0.1023387195,False,78630.2990550616,17030484.36425759,44.284443473,Earth,0.07405299309999999,2025-05,medium
3841669,(2019 HF4),2025-05-20,27.6,0.0080270317,0.0179489885,False,44433.4641749176,30370434.723448087,78.9723751242,Earth,0.012988010099999999,2025-05,small
3972422,(2020 AW),2025-05-20,28.73,0.004770402,0.0106669431,False,39624.9019987054,55151931.50026833,143.4118102992,Earth,0.00771867255,2025-05,small
3829424,(2018 RO5),2025-05-14,25.61,0.0200703514,0.0448786701,False,30292.8496746616,37611393.87143616,97.8010730767,Earth,0.03247451075,2025-05,small
3830890,(2018 SP2),2025-05-14,24.8,0.0291443905,0.0651688382,False,77852.1760015846,68410900.0893711,177.8891646971,Earth,0.04715661435,2025-05,small
3120863,(2002 GQ),2025-05-16,26.3,0.0146067964,0.0326617897,False,62318.9860875385,48918482.306941606,127.2029449176,Earth,0.023634293049999998,2025-05,small
3590076,(2011 XD),2025-05-16,24.0,0.0421264611,0.0941976306,False,26940.4454043783,18086005.705804616,47.0291202646,Earth,0.06816204584999999,2025-05,medium
3789456,(2017 WP),2025-05-16,23.1,0.063760979,0.1425738833,False,53115.1184037478,52546048.96782849,136.6357224771,Earth,0.10316743115,2025-05,medium
3827172,(2018 RC1),2025-05-16,26.45,0.0136318556,0.0304817558,False,19429.4374289224,55415931.34939344,144.0982902692,Earth,0.0220568057,2025-05,small
3831063,(2018 SF3),2025-05-16,25.31,0.0230438467,0.0515276076,False,42396.8683731649,39706358.01481921,103.2486175623,Earth,0.037285727149999996,2025-05,small
2154276,154276 (2002 SY50),2025-05-15,17.61,0.7990150812,1.7866520367,True,82581.8290939573,10540965.549773823,27.4097191281,Earth,1.29283355895,2025-05,large
3278078,(2005 JU81),2025-05-15,21.79,0.1165614595,0.2606393469,True,68604.5403009292,49057849.23845146,127.5653413632,Earth,0.18860040320000002,2025-05,medium
3669249,(2014 HB124),2025-05-15,23.02,0.0661538275,0.1479244553,False,107464.3460958377,72597042.57764003,188.7744094398,Earth,0.10703914140000001,2025-05,medium
3671001,(2014 JA31),2025-05-15,23.39,0.0557898221,0.1247498347,False,52619.7708991346,11616037.612554343,30.2052337462,Earth,0.0902698284,2025-05,medium
3672457,(2014 KC39),2025-05-15,23.3,0.058150704,0.130028927,False,32796.5034608864,63210537.85285599,164.3666398777,Earth,0.09408981549999999,2025-05,medium
3764838,(2016 WR8),2025-05-15,27.4,0.0088014652,0.0196806745,False,42161.2500331552,31244993.146536022,81.2464932422,Earth,0.01424106985,2025-05,small
3989263,(2020 BP11),2025-05-15,26.8,0.0116025908,0.0259441818,False,42754.8728804303,66664526.22486017,173.3480610484,Earth,0.0187733863,2025-05,small
2469494,469494 (2002 XS40),2025-05-18,20.09,0.2550086879,0.5702167609,False,36786.5572254563,28876567.672182072,75.0878660537,Earth,0.41261272439999996,2025-05,large
3353630,(2006 UB64),2025-05-18,20.6,0.2016299194,0.4508582062,False,118152.1166073372,70481605.6067126,183.2736293706,Earth,0.3262440628,2025-05,large
3544935,(2010 PW58),2025-05-18,21.7,0.1214940408,0.2716689341,True,62128.7121027406,68944524.86201052,179.2767515428,Earth,0.19658148744999998,2025-05,medium
3648643,(2013 SL20),2025-05-18,24.62,0.0316632126,0.0708010957,False,64725.4230487402,31126287.835082505,80.9378232982,Earth,0.05123215415,2025-05,medium
3720360,(2015 KW121),2025-05-18,26.1,0.0160160338,0.0358129403,False,65962.1229528265,19038091.848719653,49.5048340538,Earth,0.025914487049999997,2025-05,small
3836927,(2018 XM5),2025-05-18,24.4,0.0350392641,0.0783501764,False,57400.1994407321,65011233.50144408,169.0489967007,Earth,0.05669472025,2025-05,medium
2620061,620061 (2006 UB64),2025-05-18,20.7,0.1925550782,0.4305662442,False,118152.1165235342,70481605.57679303,183.2736292928,Earth,0.31156066120000003,2025-05,large
3484042,(2009 YT6),2025-05-17,21.18,0.1543671822,0.3451755128,False,50095.9978106587,24803536.896369267,64.4967461949,Earth,0.2497713475,2025-05,large
3719081,(2015 HB177),2025-05-17,24.62,0.0316632126,0.0708010957,False,35227.9105175448,8477080.363883276,22.0429893925,Earth,0.05123215415,2025-05,medium
3529587,(2010 LJ61),2025-05-19,21.0,0.1677084622,0.3750075218,False,62693.2754212133,17832345.986654982,46.3695277801,Earth,0.271357992,2025-05,large
3603627,(2012 JN4),2025-05-19,23.5,0.0530340723,0.1185877909,False,67256.9293508575,69419945.56144948,180.5129900807,Earth,0.0858109316,2025-05,medium
3692561,(2014 TV),2025-05-19,24.4,0.0350392641,0.0783501764,False,67100.8035150025,35269843.774106,91.7123300494,Earth,0.05669472025,2025-05,medium
3836275,(2018 WK),2025-05-19,27.1,0.0101054342,0.0225964377,False,43541.0797952099,54669679.62353285,142.1578086209,Earth,0.01635093595,2025-05,small
3841719,(2019 JX1),2025-05-19,29.1,0.0040230458,0.0089958039,False,94261.8086377398,64477765.28297561,167.6618169435,Earth,0.00650942485,2025-05,small
3370167,(2007 EF),2025-05-21,21.4,0.1394938229,0.3119176705,True,70281.2625680052,67751436.655244,176.1743590259,Earth,0.22570574670000002,2025-05,large
3472549,(2009 UK20),2025-05-21,26.3,0.0146067964,0.0326617897,False,56507.2046450647,50274048.25168238,130.7278290119,Earth,0.023634293049999998,2025-05,small
3753718,(2016 LJ8),2025-05-21,25.2,0.0242412481,0.0542050786,False,71186.2148645629,59719558.02658245,155.2890296656,Earth,0.03922316335,2025-05,small
2613726,613726 (2007 EF),2025-05-21,21.34,0.1434019235,0.320656449,True,70281.2488331765,67751425.9440365,176.1743311735,Earth,0.23202918625000002,2025-05,large
2065733,65733 (1993 PC),2025-05-23,18.37,0.5630603897,1.2590413069,False,35360.331092105,25254947.855743,65.6705521,Earth,0.9110508482999999,2025-05,large
3752778,(2016 JY5),2025-05-23,27.1,0.0101054342,0.0225964377,False,68065.0791721733,66278299.84457728,172.3437548913,Earth,0.01635093595,2025-05,small
3752782,(2016 JA6),2025-05-23,26.3,0.0146067964,0.0326617897,False,81544.964699358,67108797.07237604,174.5033004892,Earth,0.023634293049999998,2025-05,small
3550134,(2010 VK),2025-05-22,21.3,0.1460679643,0.3266178974,False,90194.5524917128,45169847.79527944,117.4553540927,Earth,0.23634293085000002,2025-05,large
3561029,(2011 GE3),2025-05-22,25.88,0.0177237239,0.0396314515,False,34425.9574653761,20325461.88404542,52.8523880246,Earth,0.0286775877,2025-05,small
3672907,(2014 KV76),2025-05-22,21.06,0.163137941,0.3647875257,False,74336.3376814364,52492924.99893662,136.4975839869,Earth,0.26396273335,2025-05,large
3719730,(2015 KB57),2025-05-22,22.3,0.0921626549,0.2060819612,False,120560.8222834355,67117702.73829564,174.5264579315,Earth,0.14912230804999999,2025-05,medium
3752080,(2016 HB),2025-05-22,24.4,0.0350392641,0.0783501764,False,77932.5837052194,71916595.28964463,187.005039361,Earth,0.05669472025,2025-05,medium
54427459,(2024 BY15),2025-05-22,26.78,0.0117099483,0.0261842403,False,25284.3862412627,32859644.42597559,85.445078073,Earth,0.0189470943,2025-05,small
2390725,390725 (2003 HB),2025-05-25,19.69,0.3065878759,0.6855513317,True,48479.1780321252,7028371.090213117,18.2759042899,Earth,0.4960696038,2025-05,large
2434633,434633 (2005 WB1),2025-05-25,20.7,0.1925550782,0.4305662442,True,58620.4772237064,8709357.072127867,22.6469795396,Earth,0.31156066120000003,2025-05,large
3293961,(2005 TC51),2025-05-25,27.3,0.0092162655,0.0206081961,False,59527.5684380453,38902200.15487604,101.1575623386,Earth,0.014912230799999999,2025-05,small
3672358,(2014 KF22),2025-05-25,26.4,0.0139493823,0.0311917671,False,41385.9433361634,3475910.384034833,9.0384250751,Earth,0.0225705747,2025-05,small
3747499,(2016 FC),2025-05-25,26.6,0.0127219879,0.0284472297,False,22450.1438454007,52624013.767752364,136.8384546896,Earth,0.0205846088,2025-05,small
2387746,387746 (2003 MH4),2025-05-24,20.13,0.2503542548,0.5598091321,True,30059.789030929,6676622.336551893,17.3612504571,Earth,0.40508169345,2025-05,large
3968755,(2019 YB5),2025-05-24,25.0,0.02658,0.0594346868,False,74218.0017447533,50443586.76976403,131.1686807669,Earth,0.043007343399999995,2025-05,small
2468468,468468 (2004 KH17),2025-05-27,22.01,0.1053307015,0.2355266087,True,46465.9602516418,24037264.068692543,62.5042035874,Earth,0.1704286551,2025-05,medium
3398066,(2007 XB23),2025-05-27,27.1,0.0101054342,0.0225964377,False,17356.068097879,13507942.349451872,35.1247619631,Earth,0.01635093595,2025-05,small
3525129,(2010 KV39),2025-05-27,26.8,0.0116025908,0.0259441818,False,31759.7404675054,11379695.312916337,29.5906718239,Earth,0.0187733863,2025-05,small
3618405,(2012 WS3),2025-05-27,26.0,0.0167708462,0.0375007522,False,24537.7674048377,10449691.191913703,27.1723780135,Earth,0.0271357992,2025-05,small
3744991,(2016 DZ21),2025-05-27,25.4,0.022108281,0.0494356193,False,16675.9476247805,55705990.57900063,144.852532561,Earth,0.035771950149999995,2025-05,small
3092248,(2000 AH205),2025-05-26,22.6,0.0802703167,0.1794898848,False,97713.5977020823,73755116.68486328,191.7857546395,Earth,0.12988010075,2025-05,medium
3412890,(2008 KA6),2025-05-26,23.6,0.0506471459,0.1132504611,False,83089.3672948975,66413495.86779323,172.6953057057,Earth,0.0819488035,2025-05,medium
3742061,(2016 CK31),2025-05-26,27.1,0.0101054342,0.0225964377,False,38259.2906641526,28643242.552144945,74.4811497168,Earth,0.01635093595,2025-05,small
3824091,(2018 JF2),2025-05-26,24.1,0.040230458,0.0899580388,False,35669.0482687091,15657879.506359776,40.7152530178,Earth,0.0650942484,2025-05,medium
3841722,(2019 JY1),2025-05-26,28.2,0.0060891262,0.0136157002,False,62306.790714828,63923140.9636513,166.2196248841,Earth,0.0098524132,2025-05,small
3842775,(2019 LA2),2025-05-26,26.68,0.0122618211,0.0274182656,False,42353.9570918153,21588553.05273783,56.1368095516,Earth,0.01984004335,2025-05,small
3335046,(2006 KK89),2025-05-30,22.66,0.0780827277,0.1745982871,False,34874.348644838,21366569.829852834,55.5595855998,Earth,0.1263405074,2025-05,medium
3393169,(2007 VD12),2025-05-30,19.91,0.2770479727,0.6194981001,True,64042.7695042453,14394302.802820493,37.4295689524,Earth,0.44827303639999994,2025-05,large
3660308,(2014 BR57),2025-05-30,23.9,0.04411182,0.0986370281,False,31178.5585053034,26911906.190727487,69.9791481536,Earth,0.07137442405,2025-05,medium
3765003,(2016 WL48),2025-05-30,24.9,0.0278326768,0.0622357573,False,29649.4291683528,10699975.773679122,27.8231941134,Earth,0.04503421705,2025-05,small
3906633,(2019 XF2),2025-05-30,27.1,0.0101054342,0.0225964377,False,71776.8485611286,58204669.22830766,151.3498576538,Earth,0.01635093595,2025-05,small
2813899,813899 (2007 VD12),2025-05-30,19.91,0.2770479727,0.6194981001,True,64042.7695230802,14394302.802820493,37.4295689524,Earth,0.44827303639999994,2025-05,large
3836251,(2018 VB10),2025-05-31,25.8,0.0183888672,0.0411187571,False,26710.218881013,28121086.894686293,73.1233860618,Earth,0.02975381215,2025-05,small
3892775,(2019 VB5),2025-05-31,31.7,0.0012149404,0.0027166893,False,44725.307947488,33903421.49697955,88.1592161862,Earth,0.00196581485,2025-05,small
2478784,478784 (2012 UV136),2025-06-02,25.6,0.0201629919,0.0450858206,False,49511.2545229381,50442662.030530624,131.1662761634,Earth,0.03262440625,2025-06,small
3727041,(2015 RQ35),2025-06-02,24.3,0.0366906138,0.0820427065,False,11950.1862302705,70450034.09823312,183.1915338381,Earth,0.05936666015,2025-06,medium
3745113,(2016 EL27),2025-06-02,26.1,0.0160160338,0.0358129403,False,25733.183652193,54278219.47200928,141.1398930654,Earth,0.025914487049999997,2025-06,small
3892309,(2019 VF1),2025-06-02,23.0,0.0667659413,0.1492931834,False,80619.2653242092,23118633.903665584,60.1154855248,Earth,0.10802956235,2025-06,medium
3483652,(2009 XL8),2025-06-01,22.6,0.0802703167,0.1794898848,False,43846.2260151113,42546601.58766657,110.6341154296,Earth,0.12988010075,2025-06,medium
3621019,(2012 XK134),2025-06-01,26.4,0.0139493823,0.0311917671,False,21401.7677582481,52836418.92717146,137.3907727608,Earth,0.0225705747,2025-06,small
3656933,(2014 BM25),2025-06-01,28.1,0.0063760979,0.0142573883,False,19837.7717342444,73526422.71096711,191.1910806923,Earth,0.0103167431,2025-06,small
3791015,(2017 XS),2025-06-01,22.7,0.0766575574,0.1714115092,False,67496.5381729313,69708588.09922777,181.2635485425,Earth,0.1240345333,2025-06,medium
3797498,(2018 AG4),2025-06-01,26.1,0.0160160338,0.0358129403,False,40099.8885298009,27734097.10151301,72.1170947988,Earth,0.025914487049999997,2025-06,small
3893404,(2019 WS1),2025-06-01,24.95,0.0271991277,0.0608190985,False,23308.3206629839,26404653.71243483,68.660137301,Earth,0.0440091131,2025-06,small
3172333,(2004 BW18),2025-06-03,22.5,0.0840533402,0.1879489824,False,22512.2776953196,69924864.9263214,181.8259341282,Earth,0.1360011613,2025-06,medium
3755939,(2016 OF),2025-06-03,23.14,0.06259721,0.1399716167,False,33478.9907335692,33146837.165916357,86.1918666191,Earth,0.10128441334999999,2025-06,medium
3767933,(2017 BU93),2025-06-03,23.17,0.061738344,0.1380511341,False,61570.7889094235,55665601.053993575,144.7475075013,Earth,0.09989473905,2025-06,medium
3991607,(2020 CY2),2025-06-03,27.5,0.008405334,0.0187948982,False,20805.0262053341,69302682.46322149,180.2080703301,Earth,0.0136001161,2025-06,small
3458579,(2009 HU44),2025-05-29,22.6,0.0802703167,0.1794898848,False,51600.7236132389,53762184.1326885,139.7980441006,Earth,0.12988010075,2025-05,medium
3483206,(2009 XV1),2025-05-29,22.38,0.0888290416,0.1986277755,False,78844.7417561341,15258208.436384669,39.6759865749,Earth,0.14372840855,2025-05,medium
3721410,(2015 LA40),2025-05-29,22.4,0.0880146521,0.1968067451,False,79398.927519039,55680799.58423431,144.7870283064,Earth,0.1424106986,2025-05,medium
3759724,(2016 SA2),2025-05-29,28.12,0.0063176415,0.0141266758,False,38687.3700578532,33293626.50046476,86.573563572,Earth,0.01022215865,2025-05,small
3799765,(2018 DC4),2025-05-29,27.3,0.0092162655,0.0206081961,False,16864.9172565354,28103368.4032852,73.0773125906,Earth,0.014912230799999999,2025-05,small
3754439,(2016 NN15),2025-05-28,26.7,0.0121494041,0.0271668934,False,54026.9565194837,38390951.69307888,99.8281607125,Earth,0.01965814875,2025-05,small
2163696,163696 (2003 EB50),2025-06-10,16.53,1.313877806,2.9379200884,False,67510.8439522603,26537111.167122982,69.0045670036,Earth,2.1258989472,2025-06,large
3485969,(2010 AN61),2025-06-10,27.0,0.0105816886,0.023661375,False,15691.2129999248,37482070.25276791,97.4647923017,Earth,0.0171215318,2025-06,small
3744561,(2016 CN248),2025-06-10,27.3,0.0092162655,0.0206081961,False,61321.5845341553,64336298.44616456,167.2939601049,Earth,0.014912230799999999,2025-06,small
3753870,(2016 LV10),2025-06-10,23.05,0.065246163,0.1458948557,False,65751.2516562782,9469827.16298495,24.624433265,Earth,0.10557050935,2025-06,medium
3767164,(2017 BO30),2025-06-10,23.9,0.04411182,0.0986370281,False,57607.9440731046,59958024.88525062,155.9091160881,Earth,0.07137442405,2025-06,medium
3841673,(2019 JE),2025-06-10,26.21,0.0152249185,0.0340439527,False,37725.7260484066,17074966.827148695,44.4001114171,Earth,0.024634435599999997,2025-06,small
2438908,438908 (2009 XO),2025-06-04,20.63,0.1988634532,0.4446721997,True,90938.2481652582,66243008.33074387,172.2519862125,Earth,0.32176782645,2025-06,large
3515028,(2010 GH7),2025-06-04,27.35,0.0090064777,0.0201390963,False,14184.3132994456,58557627.22643145,152.2676558903,Earth,0.014572787,2025-06,small
3624746,(2013 BH18),2025-06-04,20.6,0.2016299194,0.4508582062,False,11143.806565655,69348781.22637942,180.3279411469,Earth,0.3262440628,2025-06,large
3678630,(2014 OL339),2025-06-04,22.78,0.0738847787,0.1652113876,False,41431.987340653,49937060.75368787,129.8515589372,Earth,0.11954808315000001,2025-06,medium
3729277,(2015 TA25),2025-06-04,20.07,0.2573682542,0.5754929116,False,103135.1064286072,69227973.69085774,180.0138047804,Earth,0.4164305829,2025-06,large
3735682,(2015 XZ1),2025-06-04,25.0,0.02658,0.0594346868,False,49797.5228807026,25770914.84379698,67.0122233307,Earth,0.043007343399999995,2025-06,small
3739247,(2016 AB9),2025-06-04,24.7,0.0305179233,0.0682401509,False,48649.6433306189,54590609.130792014,141.9522012705,Earth,0.0493790371,2025-06,small
3765707,(2016 XF18),2025-06-04,24.1,0.040230458,0.0899580388,False,35981.5537579819,44951204.19524433,116.8868141769,Earth,0.0650942484,2025-06,medium
3781304,(2017 QB35),2025-06-04,29.3,0.0036690614,0.0082042706,False,40535.2252469174,42412367.9574679,110.28506713,Earth,0.005936666,2025-06,small
3623484,(2013 AK11),2025-06-06,23.5,0.0530340723,0.1185877909,False,32335.3612313994,58265060.30268923,151.5068928304,Earth,0.0858109316,2025-06,medium
3669253,(2014 HQ124),2025-06-06,18.95,0.4310771239,0.9639177525,True,54167.7561777886,10816893.884259112,28.1272167911,Earth,0.6974974382,2025-06,large
3893720,(2019 WP4),2025-06-06,24.41,0.0348782733,0.0779901901,False,54612.884827427,46953482.46502466,122.0933471773,Earth,0.0564342317,2025-06,medium
2162039,162039 (1996 JG),2025-06-05,18.91,0.439091446,0.9818383215,True,54606.9215053094,25195990.49742793,65.5172450216,Earth,0.71046488375,2025-06,large
2419624,419624 (2010 SO16),2025-06-05,20.44,0.2170475943,0.4853331752,True,62867.2895727754,71725470.59179069,186.5080569677,Earth,0.35119038475000003,2025-06,large
2424482,424482 (2008 DG5),2025-06-05,19.58,0.3225187565,0.7211738634,True,22350.1942671337,3492786.83390506,9.082308982,Earth,0.52184630995,2025-06,large
3006207,(1995 HM),2025-06-05,22.66,0.0780827277,0.1745982871,False,9132.8332673445,20138069.15937501,52.3651098976,Earth,0.1263405074,2025-06,medium
3841718,(2019 JU1),2025-06-05,24.6,0.0319561887,0.0714562102,False,58349.0291406998,44501835.33655482,115.7183183552,Earth,0.05170619945,2025-06,medium
3126186,(2002 JD109),2025-06-08,18.57,0.5135171787,1.1482593191,False,87878.2761935449,62239210.746057086,161.8408937254,Earth,0.8308882489,2025-06,large
3673787,(2014 LL26),2025-06-08,25.3,0.0231502122,0.0517654482,False,18790.660120854,3077409.304041209,8.0022009623,Earth,0.0374578302,2025-06,small
3763271,(2016 VS),2025-06-08,27.4,0.0088014652,0.0196806745,False,25621.4024483346,14485675.820475874,37.6671666125,Earth,0.01424106985,2025-06,small
3837653,(2019 AY4),2025-06-08,22.5,0.0840533402,0.1879489824,False,100764.3843130241,46913632.24033896,121.9897244626,Earth,0.1360011613,2025-06,medium
3591611,(2011 YG6),2025-06-07,21.09,0.1608996045,0.3597824532,True,94773.1320838328,67983274.24886078,176.7772073413,Earth,0.26034102885,2025-06,large
3825166,(2018 LE4),2025-06-07,23.92,0.0437074004,0.0977327184,False,48237.6116506752,5087201.261480374,13.2282718378,Earth,0.07072005940000001,2025-06,medium
3734098,(2015 VQ65),2025-06-09,24.6,0.0319561887,0.0714562102,False,25726.4709529986,66793064.91846432,173.6823007793,Earth,0.05170619945,2025-06,medium
3753474,(2016 KC),2025-06-09,22.9,0.0699125232,0.1563291544,False,70968.3771274787,68669808.44978967,178.5624052466,Earth,0.11312083880000001,2025-06,medium
3753797,(2016 LC9),2025-06-09,27.0,0.0105816886,0.023661375,False,61427.1949291631,71193948.34241517,185.1259373225,Earth,0.0171215318,2025-06,small
3781003,(2017 QF17),2025-06-09,19.7,0.3051792326,0.6824015094,False,46245.9309464488,63279226.68725265,164.5452517562,Earth,0.493790371,2025-06,large
3831735,(2018 TF5),2025-06-09,25.4,0.022108281,0.0494356193,False,59609.0467675098,66882339.182722114,173.9144410417,Earth,0.035771950149999995,2025-06,small
3663258,(2014 EL),2025-06-11,27.0,0.0105816886,0.023661375,False,89710.0399499029,69889419.23692317,181.733764546,Earth,0.0171215318,2025-06,small
3842657,(2019 KJ4),2025-06-11,27.4,0.0088014652,0.0196806745,False,47186.8589844846,37303881.89608414,97.0014483333,Earth,0.01424106985,2025-06,small
3378801,(2007 MK6),2025-06-13,20.18,0.2446554962,0.5470663205,False,104043.6959578276,13073708.36710941,33.995621427,Earth,0.39586090835,2025-06,large
3529588,(2010 LK61),2025-06-13,21.79,0.1165614595,0.2606393469,False,102273.8376765589,54427184.976853006,141.5272487235,Earth,0.18860040320000002,2025-06,medium
3670633,(2014 JR24),2025-06-13,29.3,0.0036690614,0.0082042706,False,10459.5680876377,9645070.924954364,25.0801203908,Earth,0.005936666,2025-06,small
3752573,(2016 HK19),2025-06-13,21.7,0.1214940408,0.2716689341,False,58787.4225313235,66586902.52303968,173.1462157948,Earth,0.19658148744999998,2025-06,medium
3825481,(2018 MY6),2025-06-13,21.38,0.1407845434,0.3148038092,True,102475.9110794533,72065798.50550379,187.3930131401,Earth,0.22779417629999998,2025-06,large
3840758,(2019 GA),2025-06-13,23.59,0.0508809225,0.1137732014,False,104718.0873869348,64924136.604264565,168.8225182555,Earth,0.08232706195,2025-06,medium
3335422,(2006 KY112),2025-06-12,21.28,0.1474195145,0.3296400556,False,44099.2501545902,25701584.937648013,66.8319444705,Earth,0.23852978505,2025-06,large
3735680,(2015 XR1),2025-06-12,23.21,0.0606114923,0.1355314169,False,45528.959753487,6932810.873055795,18.0274186365,Earth,0.0980714546,2025-06,medium
3183847,(2004 LO2),2025-06-15,25.0,0.02658,0.0594346868,False,49552.65110979,18834127.614477225,48.9744649575,Earth,0.043007343399999995,2025-06,small
3394071,(2007 VY137),2025-06-15,24.43,0.0345585074,0.0772751717,False,70087.2351583014,72169025.2843833,187.6614341877,Earth,0.05591683955,2025-06,medium
3566360,(2011 KB),2025-06-15,25.1,0.0253837029,0.0567596853,False,26499.6140342961,21299578.153371755,55.3853868485,Earth,0.0410716941,2025-06,small
3799001,(2018 CL),2025-06-15,25.5,0.0211132445,0.0472106499,False,45661.1248690553,57913082.23045308,150.5916426995,Earth,0.0341619472,2025-06,small
2433953,433953 (1997 XR2),2025-06-14,20.91,0.1748054532,0.3908768761,True,17700.384537141,15938368.870464344,41.4446107462,Earth,0.28284116465,2025-06,large
3548666,(2010 TW54),2025-06-14,27.6,0.0080270317,0.0179489885,False,26735.2310544827,32545085.149284247,84.6271282009,Earth,0.012988010099999999,2025-06,small
3582026,(2011 UA),2025-06-14,18.6,0.5064714588,1.1325046106,False,58545.7444225372,51756863.61070427,134.5836003184,Earth,0.8194880347,2025-06,large
3582523,(2011 UC64),2025-06-14,27.9,0.0069912523,0.0156329154,False,82582.5357389311,45317398.553066574,117.8390309778,Earth,0.01131208385,2025-06,small
3667092,(2014 GS34),2025-06-14,24.25,0.0375452479,0.0839537266,False,33759.6759280961,21774834.639228813,56.6211983811,Earth,0.06074948725,2025-06,medium
3038472,(2000 LF3),2025-06-17,21.61,0.1266353563,0.283165265,True,52150.6748467724,7249056.5066965,18.84975355,Earth,0.20490031065,2025-06,large
3602706,(2012 HG2),2025-06-17,27.0,0.0105816886,0.023661375,False,10259.770494622,32785340.3008904,85.2518647294,Earth,0.0171215318,2025-06,small
3956451,(2019 YS3),2025-06-17,24.63,0.0315177333,0.0704757942,False,21480.3374551647,18937512.398627028,49.2432968669,Earth,0.05099676375,2025-06,medium
3754389,(2016 NC1),2025-06-16,25.46,0.021505769,0.0480883614,False,14871.4535146421,12383475.01476966,32.200804602,Earth,0.034797065200000005,2025-06,small
3837851,(2019 AF11),2025-06-16,24.0,0.0421264611,0.0941976306,False,41130.2252813166,19935117.328717805,51.8373733588,Earth,0.06816204584999999,2025-06,medium
3838020,(2019 BT2),2025-06-16,20.5,0.2111324448,0.4721064988,True,76142.086024244,37598301.69416481,97.7670294305,Earth,0.3416194718,2025-06,large
3842907,(2019 LU5),2025-06-16,24.35,0.0358554334,0.0801751865,False,61401.5952405156,69161482.7782867,179.8409081677,Earth,0.058015309949999996,2025-06,medium
2468005,468005 (2012 XD112),2025-06-20,21.19,0.1536579294,0.3435895754,True,80273.3553080122,65489118.092761725,170.2916421075,Earth,0.2486237524,2025-06,large
3072545,(2001 BD16),2025-06-20,20.22,0.2401900301,0.5370812349,False,85516.9330659286,25560687.02153659,66.4655669989,Earth,0.3886356325,2025-06,large
3126224,(2002 KK3),2025-06-20,17.7,0.7665755735,1.7141150923,False,63374.2716462451,58009644.16990771,150.8427331358,Earth,1.2403453329,2025-06,large
3532394,(2010 MP1),2025-06-20,21.5,0.1332155667,0.2978790628,False,70087.8022502681,20616406.374008123,53.6089322628,Earth,0.21554731475,2025-06,large
3656930,(2014 BK25),2025-06-20,27.4,0.0088014652,0.0196806745,False,63360.9362749496,35659352.16709904,92.7251704386,Earth,0.01424106985,2025-06,small
3798980,(2018 BS6),2025-06-20,24.9,0.0278326768,0.0622357573,False,36927.102575767,29606494.27616253,76.9858974157,Earth,0.04503421705,2025-06,small
3825489,(2018 MG7),2025-06-20,21.35,0.1427430515,0.3191831664,True,66513.4957349892,25437833.017072868,66.1461091902,Earth,0.23096310895,2025-06,large
3989253,(2020 BD11),2025-06-20,24.29,0.0368599699,0.0824213984,False,36871.3076172365,40912704.84144724,106.3854865268,Earth,0.05964068415,2025-06,medium
3145512,(2003 AY2),2025-06-22,19.82,0.2887719308,0.6457136672,True,57416.2908206652,5429696.234978499,14.1188630253,Earth,0.467242799,2025-06,large
2793349,793349 (2003 AY2),2025-06-22,19.81,0.2901048414,0.648694146,True,57416.3827309537,5429822.899495028,14.1191923916,Earth,0.4693994937,2025-06,large
54565946,(2025 XU),2025-06-22,23.76,0.0470494961,0.1052058716,False,18788.480619458,9101282.353348836,23.6661045739,Earth,0.07612768385,2025-06,medium
3518295,(2010 HK22),2025-06-22,23.763,0.0469845397,0.1050606247,False,18786.7312233947,9102631.995412404,23.6696140541,Earth,0.0760225822,2025-06,medium
3127403,(2002 LD31),2025-06-21,21.45,0.1363185559,0.3048175575,False,37628.2177001194,28793777.57800156,74.8725866073,Earth,0.22056805670000001,2025-06,large
3348143,(2006 TK),2025-06-21,20.01,0.2645787599,0.5916160926,False,28768.4064941404,17751976.715126384,46.1605432095,Earth,0.42809742625,2025-06,large
3709400,(2015 BL514),2025-06-21,24.6,0.0319561887,0.0714562102,False,17534.6070266386,37807003.1693576,98.3097167953,Earth,0.05170619945,2025-06,medium
2813247,813247 (2006 TK),2025-06-21,20.03,0.2621530873,0.5861921237,False,28768.4080687047,17751977.777271263,46.1605459714,Earth,0.42417260549999997,2025-06,large
2527715,527715 (2007 YQ56),2025-06-24,19.95,0.2719912773,0.6081909854,True,53230.026042706,11514602.35792681,29.941471207,Earth,0.44009113135,2025-06,large
3485631,(2010 AF40),2025-06-24,25.0,0.02658,0.0594346868,False,35352.8718805022,37562216.32427447,97.6731964843,Earth,0.043007343399999995,2025-06,small
3771021,(2017 EE3),2025-06-24,26.0,0.0167708462,0.0375007522,False,63333.0114956579,52989118.23029273,137.787837431,Earth,0.0271357992,2025-06,small
3825507,(2018 MN8),2025-06-24,22.88,0.0705594158,0.1577756503,False,76727.8958758031,8287424.866710606,21.5498273682,Earth,0.11416753304999999,2025-06,medium
3837883,(2019 AO12),2025-06-24,25.6,0.0201629919,0.0450858206,False,63480.0089204406,73434446.32022266,190.9519140785,Earth,0.03262440625,2025-06,small
3892710,(2019 VB4),2025-06-24,26.0,0.0167708462,0.0375007522,False,55079.2281600126,68137426.8952891,177.1780511465,Earth,0.0271357992,2025-06,small
54602256,(2025 NX187),2025-06-24,22.973,0.0676012889,0.1511610774,False,28840.1630050712,26107285.37025603,67.8868890916,Earth,0.10938118315,2025-06,medium
3408650,(2008 GL20),2025-06-23,26.6,0.0127219879,0.0284472297,False,58420.2417572189,58936104.45200813,153.2518118863,Earth,0.0205846088,2025-06,small
3659801,(2014 BW32),2025-06-23,26.6,0.0127219879,0.0284472297,False,53602.762241777,64643417.27831423,168.0925625563,Earth,0.0205846088,2025-06,small
3825168,(2018 LG4),2025-06-23,27.0,0.0105816886,0.023661375,False,77857.3904758492,65185184.60317861,169.5013225164,Earth,0.0171215318,2025-06,small
3655742,(2014 AG5),2025-06-19,22.69,0.0770113926,0.1722027088,False,17379.305173945,22981062.22139467,59.7577572737,Earth,0.1246070507,2025-06,medium
3765705,(2016 XC18),2025-06-18,21.96,0.1077841687,0.2410127282,True,63177.3748981224,11910040.466411546,30.9697306615,Earth,0.17439844845,2025-06,medium
3838074,(2019 BB5),2025-06-18,26.7,0.0121494041,0.0271668934,False,48780.0195377501,60661119.4806298,157.73737606,Earth,0.01965814875,2025-06,small
3842877,(2019 LB5),2025-06-18,23.64,0.0497227313,0.1111834072,False,74328.0820305106,58669875.14582642,152.5595346493,Earth,0.08045306925000001,2025-06,medium
3842940,(2019 MH1),2025-06-18,24.71,0.0303777061,0.0679266159,False,70955.3080969747,16104645.421950432,41.8769803951,Earth,0.049152161,2025-06,small
3856703,(2019 SU3),2025-06-18,27.27,0.0093444765,0.0208948847,False,45832.7189795602,53070029.62954242,137.9982316987,Earth,0.015119680600000001,2025-06,small
54160405,(2021 LC7),2025-06-18,21.44,0.1369477737,0.3062245314,False,86173.1157807569,19427766.833900724,50.5181076334,Earth,0.22158615255,2025-06,large
2826640,826640 (2021 LC7),2025-06-18,21.44,0.1369477737,0.3062245314,False,86173.1157712208,19427766.833900724,50.5181076334,Earth,0.22158615255,2025-06,large
2348776,348776 (2006 KZ37),2025-06-30,19.19,0.385971268,0.8630579925,False,50527.4864503522,26837505.56005636,69.7856838661,Earth,0.62451463025,2025-06,large
3414424,(2008 NA),2025-06-30,23.73,0.0477040198,0.1066694311,False,30057.0159866353,10751391.155378144,27.9568897568,Earth,0.07718672545,2025-06,medium
3511355,(2010 DJ77),2025-06-30,21.59,0.1278070988,0.285785361,False,56923.0313071522,18504527.87265459,48.1174052977,Earth,0.20679622990000002,2025-06,large
3673598,(2014 LZ20),2025-06-30,24.46,0.0340843469,0.0762149166,False,40970.7608222542,12227046.565864608,31.7940430176,Earth,0.05514963175,2025-06,medium
3824078,(2018 JY1),2025-06-30,23.54,0.0520660914,0.1164233197,False,63690.749484246,56560680.385381326,147.0749862275,Earth,0.08424470554999999,2025-06,medium
3837955,(2019 BA1),2025-06-30,22.19,0.0969515991,0.2167903661,False,48669.7565000149,68508776.03667666,178.1436719538,Earth,0.1568709826,2025-06,medium
3989244,(2020 BR10),2025-06-30,22.8,0.0732073989,0.1636967205,False,44007.7214842668,24092521.228411674,62.6478890231,Earth,0.1184520597,2025-06,medium
54537671,(2025 MF90),2025-06-30,23.857,0.0449940386,0.1006097289,False,30161.4648073269,10788013.312345624,28.0521185128,Earth,0.07280188375,2025-06,medium
3753662,(2016 LT),2025-07-01,21.53,0.1313877806,0.2937920088,False,34253.3638389512,9892076.321409382,25.7224096107,Earth,0.2125898947,2025-07,large
3838186,(2019 CN2),2025-07-01,28.4,0.0055533491,0.0124176661,False,36700.2796927381,46880269.177687936,121.9029703439,Earth,0.008985507600000001,2025-07,small
3842766,(2019 LQ1),2025-07-01,26.1,0.0160160338,0.0358129403,False,50368.3535120065,28429087.591319814,73.9242816293,Earth,0.025914487049999997,2025-07,small
3610030,(2012 TG53),2025-06-26,23.2,0.0608912622,0.1361570015,False,76876.3804562626,57245843.4919121,148.85661887,Earth,0.09852413185,2025-06,medium
3713320,(2015 FQ),2025-06-26,22.28,0.0930154254,0.2079888141,False,70022.5041773768,56614154.547927074,147.2140353278,Earth,0.15050211975,2025-06,medium
3736497,(2015 XF261),2025-06-26,25.25,0.0236894499,0.0529712204,False,38025.6851989962,46556904.19637372,121.0621229593,Earth,0.03833033515,2025-06,small
3767261,(2017 BN32),2025-06-26,24.8,0.0291443905,0.0651688382,False,25996.875246931,61579924.73500381,160.1265494082,Earth,0.04715661435,2025-06,small
3767015,(2017 BZ6),2025-06-26,26.1,0.0160160338,0.0358129403,False,13567.7037168362,27496195.33383897,71.4984777849,Earth,0.025914487049999997,2025-06,small
3786459,(2017 UE),2025-06-26,26.9,0.0110803882,0.0247765013,False,23520.4364154355,31344826.77644777,81.5060910696,Earth,0.01792844475,2025-06,small
3843455,(2022 AA),2025-06-26,24.6,0.0319561887,0.0714562102,False,23109.6972729967,64839828.25626121,168.603290887,Earth,0.05170619945,2025-06,medium
3545558,(2010 RX30),2025-06-25,27.1,0.0101054342,0.0225964377,False,67746.9062444731,45792910.17809092,119.0755059499,Earth,0.01635093595,2025-06,small
3673868,(2014 MQ5),2025-06-25,21.8,0.1160259082,0.2594418179,False,52299.3399563376,74158512.96619819,192.8347077659,Earth,0.18773386305,2025-06,medium
3781909,(2017 SM17),2025-06-25,23.6,0.0506471459,0.1132504611,False,38649.5031804253,24836834.01627919,64.5833288424,Earth,0.0819488035,2025-06,medium
3827174,(2018 RB1),2025-06-25,27.9,0.0069912523,0.0156329154,False,28606.3565611794,61851994.012915,160.8340123494,Earth,0.01131208385,2025-06,small
3483327,(2009 XP2),2025-06-28,25.2,0.0242412481,0.0542050786,False,25184.6611318145,52337841.0608882,136.09431854,Earth,0.03922316335,2025-06,small
3662200,(2014 DH),2025-06-28,26.6,0.0127219879,0.0284472297,False,43399.9123714498,6557208.888620941,17.0507391427,Earth,0.0205846088,2025-06,small
2441987,441987 (2010 NY65),2025-06-29,21.35,0.1427430515,0.3191831664,True,59336.9457083431,22507794.369943097,58.5271167959,Earth,0.23096310895,2025-06,large
3021049,(1999 NW2),2025-06-29,23.2,0.0608912622,0.1361570015,False,40159.5036767388,40170861.49553939,104.4564680083,Earth,0.09852413185,2025-06,medium
3365951,(2007 AA2),2025-06-29,24.6,0.0319561887,0.0714562102,False,52612.079658737,51563989.82951408,134.082069776,Earth,0.05170619945,2025-06,medium
3381230,(2007 PB8),2025-06-29,21.36,0.1420872067,0.317716653,False,74173.4929251785,54242276.6090499,141.0464306806,Earth,0.22990192985000002,2025-06,large
3607527,(2012 PY19),2025-06-29,27.5,0.008405334,0.0187948982,False,37474.0801161221,30731495.660280857,79.9112434679,Earth,0.0136001161,2025-06,small
3605902,(2012 ML6),2025-06-29,20.15,0.2480589932,0.5546767711,False,50290.6916761283,14258213.096888946,37.0756942909,Earth,0.40136788215,2025-06,large
3842879,(2019 LD5),2025-06-29,23.39,0.0557898221,0.1247498347,False,64271.1460088981,45310807.67482863,117.8218926881,Earth,0.0902698284,2025-06,medium
2798412,798412 (2012 ML6),2025-06-29,20.05,0.2597496533,0.580817882,False,50290.6891663386,14258210.98755898,37.075688806,Earth,0.42028376765,2025-06,large
2322756,322756 (2001 CK32),2025-07-04,19.23,0.3789264984,0.8473054089,False,57973.0167149141,73208559.71491468,190.3645401442,Earth,0.6131159536499999,2025-07,large
3655548,(2013 YA38),2025-07-04,21.02,0.1661709017,0.3715694322,False,76773.8151138535,22036810.907886,57.3024164259,Earth,0.26887016695,2025-07,large
3735686,(2015 XP54),2025-07-04,24.0,0.0421264611,0.0941976306,False,76503.2388218946,74782133.3191452,194.4563105153,Earth,0.06816204584999999,2025-07,medium
3774433,(2017 JB),2025-07-04,23.68,0.0488151892,0.1091540813,False,12848.537434275,67301272.02564481,175.0037939576,Earth,0.07898463524999999,2025-07,medium
3785933,(2017 UA),2025-07-04,28.5,0.0053034072,0.0118587791,False,27160.1957336318,59617811.90758105,155.0244587844,Earth,0.00858109315,2025-07,small
2403775,403775 (2011 HS4),2025-07-05,20.9,0.1756123185,0.3926810818,True,109455.560907552,45283774.20277581,117.7515974317,Earth,0.28414670015,2025-07,large
2437844,437844 (1999 MN),2025-07-05,21.01,0.1669379118,0.3732845187,True,48901.3913384147,10681754.992469711,27.7758145358,Earth,0.27011121525000004,2025-07,large
3054338,(2000 SZ162),2025-07-05,27.3,0.0092162655,0.0206081961,False,48302.4459016224,46098664.70758575,119.8705607991,Earth,0.014912230799999999,2025-07,small
3702319,(2014 YD),2025-07-05,24.29,0.0368599699,0.0824213984,False,8493.0709678767,17897031.9710049,46.53773103,Earth,0.05964068415,2025-07,medium
3989284,(2020 BW12),2025-07-05,26.1,0.0160160338,0.0358129403,False,50125.870746495,46161957.516891934,120.0351413698,Earth,0.025914487049999997,2025-07,small
3740049,(2016 AN165),2025-07-02,27.7,0.0076657557,0.0171411509,False,79279.680220943,60854043.21254879,158.2390364895,Earth,0.012403453299999999,2025-07,small
3699442,(2014 WP362),2025-07-03,23.2,0.0608912622,0.1361570015,False,35955.1330719597,69183234.68257937,179.8974697402,Earth,0.09852413185,2025-07,medium
3739261,(2016 AM9),2025-07-03,21.48,0.1344481952,0.3006353038,False,52302.8601206748,69609964.880642,181.007098153,Earth,0.2175417495,2025-07,large
3761647,(2016 UY35),2025-07-03,24.7,0.0305179233,0.0682401509,False,32648.7048913338,50402861.03850394,131.0627814686,Earth,0.0493790371,2025-07,small
3795036,(2017 YW3),2025-07-03,26.5,0.0133215567,0.0297879063,False,11233.0699963988,24271461.47894985,63.1131881444,Earth,0.0215547315,2025-07,small
3295787,(2005 UN),2025-07-08,25.9,0.0175612318,0.0392681082,False,19982.4359961293,71505383.4770286,185.9357634742,Earth,0.02841467,2025-07,small
3772982,(2017 FP101),2025-07-08,24.7,0.0305179233,0.0682401509,False,14888.8440997403,36552981.44633287,95.0488785878,Earth,0.0493790371,2025-07,small
3826804,(2018 PD22),2025-07-08,23.81,0.0459785188,0.1028110936,False,40113.5195944465,27242386.809688043,70.8384983621,Earth,0.0743948062,2025-07,medium
3837605,(2019 AE3),2025-07-08,27.4,0.0088014652,0.0196806745,False,27737.404013839,14613745.345240127,38.0001863616,Earth,0.01424106985,2025-07,small
3837933,(2019 AA14),2025-07-08,22.28,0.0930154254,0.2079888141,False,82938.5118390856,44142910.95650139,114.7850057095,Earth,0.15050211975,2025-07,medium
54602482,(2025 PL160),2025-07-08,27.028,0.0104461192,0.0233582326,False,4671.0137842563,7467280.00599308,19.417201076,Earth,0.0169021759,2025-07,small
3655977,(2014 AT51),2025-07-06,22.28,0.0930154254,0.2079888141,False,93895.476259851,48334243.75782976,125.6837468461,Earth,0.15050211975,2025-07,medium
3769886,(2017 DA36),2025-07-06,25.1,0.0253837029,0.0567596853,False,19768.9272026268,13679042.220502714,35.5696737111,Earth,0.0410716941,2025-07,small
3789692,(2017 WF16),2025-07-06,28.83,0.0045556985,0.0101868516,False,26559.8001444324,67358178.21764474,175.1517673792,Earth,0.00737127505,2025-07,small
3837949,(2019 BZ),2025-07-06,27.64,0.0078805218,0.0176213825,False,78022.958480194,68636263.55092767,178.4751782984,Earth,0.012750952150000001,2025-07,small
2456938,456938 (2007 YV56),2025-07-07,20.98,0.1692602495,0.3784774237,True,51134.2909627489,25967511.801815946,67.5234352662,Earth,0.2738688366,2025-07,large
3685808,(2014 QX432),2025-07-07,19.86,0.283501249,0.6339280645,True,72907.5611553473,9902861.93888192,25.7504554993,Earth,0.45871465675,2025-07,large
3733862,(2015 VU64),2025-07-07,30.6,0.0020162992,0.0045085821,False,18130.648319925,27579241.913567595,71.7144241718,Earth,0.00326244065,2025-07,small
3829460,(2018 RG7),2025-07-07,25.5,0.0211132445,0.0472106499,False,10960.2678392877,56511527.7313052,146.9471743647,Earth,0.0341619472,2025-07,small
3989158,(2020 BY6),2025-07-07,24.16,0.0391340663,0.0875064325,False,33228.9258777379,41527140.67804496,107.9832067379,Earth,0.0633202494,2025-07,medium
2839444,839444 (2014 QX432),2025-07-07,19.86,0.283501249,0.6339280645,True,72907.5633743005,9902865.514271012,25.7504647964,Earth,0.45871465675,2025-07,large
3299722,(2005 VO5),2025-07-11,19.76,0.2968622513,0.6638041738,True,51758.4668189101,6085390.161816483,15.8238668301,Earth,0.48033321255,2025-07,large
3645001,(2013 NT11),2025-07-11,19.49,0.3361669212,0.7516920875,False,93733.2203876194,50591982.994873255,131.5545561244,Earth,0.5439295043500001,2025-07,large
3771633,(2017 FZ2),2025-07-11,26.6,0.0127219879,0.0284472297,False,34511.0768576214,41266690.17302369,107.305956143,Earth,0.0205846088,2025-07,small
3788088,(2017 UQ7),2025-07-11,25.25,0.0236894499,0.0529712204,False,55778.3946448315,60546085.76465948,157.4382533819,Earth,0.03833033515,2025-07,small
3893382,(2019 WW),2025-07-11,24.56,0.0325502986,0.0727846803,False,58307.7590682376,32298265.89745887,83.9853230137,Earth,0.05266748945,2025-07,medium
2812769,812769 (2005 VO5),2025-07-11,19.89,0.2796114661,0.6252302454,True,51758.4660873214,6085392.675060699,15.8238733653,Earth,0.45242085575,2025-07,large
3724213,(2015 OO),2025-07-12,22.2,0.096506147,0.2157943048,False,89275.1222459329,73101732.41450001,190.0867566446,Earth,0.1561502259,2025-07,medium
3726511,(2015 QM3),2025-07-12,20.38,0.2231284644,0.4989304142,False,74912.3343440777,56508843.57152273,146.9401947322,Earth,0.3610294393,2025-07,large
3943319,(2019 YS),2025-07-12,31.5,0.0013321557,0.0029787906,False,34627.061813522,17028300.93846558,44.2787659013,Earth,0.00215547315,2025-07,small
54593268,(2025 OW138),2025-07-12,23.898,0.0441524672,0.098727918,False,12081.2082821235,28787820.156984337,74.8570954992,Earth,0.07144019260000001,2025-07,medium
2138205,138205 (2000 EZ148),2025-07-10,15.08,2.5618575448,5.7284876188,False,36493.2604073718,29886882.10819273,77.7149911298,Earth,4.1451725818,2025-07,large
3616348,(2012 VH5),2025-07-10,22.49,0.0844413128,0.1888165155,False,43661.2570404422,34727076.41740024,90.3009697021,Earth,0.13662891415,2025-07,medium
3836972,(2018 YA1),2025-07-10,23.48,0.0535247906,0.1196850702,False,55524.232547897,67624107.236022,175.8432637765,Earth,0.0866049304,2025-07,medium
3837864,(2019 AS11),2025-07-10,26.8,0.0116025908,0.0259441818,False,18272.5313188748,31761934.136402003,82.5906971741,Earth,0.0187733863,2025-07,small
3842764,(2019 LO1),2025-07-10,22.2,0.096506147,0.2157943048,False,36842.9966233949,58024410.6465401,150.88113047,Earth,0.1561502259,2025-07,medium
3408585,(2008 GR3),2025-07-15,24.9,0.0278326768,0.0622357573,False,56993.6458698383,62561862.1455314,162.67988558,Earth,0.04503421705,2025-07,small
3789721,(2017 WG16),2025-07-15,22.82,0.0725362295,0.1621959399,False,22227.0443128368,66796487.95708651,173.6912017217,Earth,0.1173660847,2025-07,medium
3838839,(2019 DQ),2025-07-15,26.8,0.0116025908,0.0259441818,False,34031.3123268248,56184898.3898295,146.09783865,Earth,0.0187733863,2025-07,small
2263976,263976 (2009 KD5),2025-07-13,18.35,0.5682703234,1.2706910727,True,28591.9312585284,20938395.189556424,54.4462011975,Earth,0.9194806980500001,2025-07,large
3608665,(2012 RR16),2025-07-13,24.42,0.0347180222,0.0776318577,False,19990.7746175979,9349315.382452246,24.3110659515,Earth,0.05617493995,2025-07,medium
3684730,(2014 QE365),2025-07-13,21.19,0.1536579294,0.3435895754,False,78097.5172086714,44146817.6300775,114.79516425,Earth,0.2486237524,2025-07,large
3802033,(2018 FZ2),2025-07-13,24.3,0.0366906138,0.0820427065,False,25671.9943897568,47544648.71197876,123.630559372,Earth,0.05936666015,2025-07,medium
3842662,(2019 LC),2025-07-13,25.87,0.0178055329,0.039814382,False,57249.133805848,63782337.7280318,165.8534936106,Earth,0.02880995745,2025-07,small
3879527,(2019 UD4),2025-07-13,23.17,0.061738344,0.1380511341,False,66669.1163591231,68550225.0586784,178.2514520282,Earth,0.09989473905,2025-07,medium
3972419,(2020 AT),2025-07-13,25.2,0.0242412481,0.0542050786,False,36244.1568388824,32535600.868723053,84.6024661844,Earth,0.03922316335,2025-07,small
3092390,(2001 UP),2025-07-14,25.7,0.0192555078,0.0430566244,False,38846.9167796833,25641351.01582887,66.6753179384,Earth,0.031156066099999997,2025-07,small
3393818,(2007 VV83),2025-07-14,24.7,0.0305179233,0.0682401509,False,29301.9143395582,33663889.02276379,87.5363588389,Earth,0.0493790371,2025-07,small
3445544,(2009 CE),2025-07-14,24.3,0.0366906138,0.0820427065,False,34193.1337893147,42168248.633040495,109.6502825759,Earth,0.05936666015,2025-07,medium
3789623,(2017 WN13),2025-07-14,22.91,0.0695913044,0.1556108872,False,81032.4863163706,73690894.33423208,191.6187569784,Earth,0.1126010958,2025-07,medium
3837860,(2019 AQ11),2025-07-14,21.9,0.1108038821,0.2477650126,False,74681.167108149,9936604.965162951,25.8381976391,Earth,0.17928444735,2025-07,medium
3742058,(2016 BX80),2025-07-09,20.77,0.1864468183,0.41690776,False,31219.0833618458,27547404.01616101,71.631635947,Earth,0.30167728915,2025-07,large
3742333,(2016 CY135),2025-07-09,24.5,0.0334622374,0.0748238376,False,16542.0599830998,67888873.80415042,176.5317374493,Earth,0.0541430375,2025-07,medium
3797674,(2018 AB12),2025-07-09,24.4,0.0350392641,0.0783501764,False,52452.5305428839,37335456.351641655,97.0835515291,Earth,0.05669472025,2025-07,medium
3825768,(2018 OQ),2025-07-09,26.8,0.0116025908,0.0259441818,False,70619.8029314371,59295748.48757498,154.1869958554,Earth,0.0187733863,2025-07,small
3841684,(2019 JM),2025-07-09,27.0,0.0105816886,0.023661375,False,24967.4168330002,6375188.043944787,16.5774295389,Earth,0.0171215318,2025-07,small
3843276,(2019 NW5),2025-07-09,23.71,0.0481454197,0.1076564312,False,59384.820236431,5822274.421143296,15.1396858112,Earth,0.07790092544999999,2025-07,medium
2804841,804841 (2016 BX80),2025-07-09,20.75,0.1881719895,0.42076536,False,31219.0838171194,27547405.975893103,71.6316410429,Earth,0.30446867475,2025-07,large
3606253,(2012 OQ),2025-07-22,21.88,0.1118291378,0.250057554,True,48710.5771646603,8058032.300681104,20.9533368688,Earth,0.1809433459,2025-07,medium
3735612,(2015 XC),2025-07-22,25.2,0.0242412481,0.0542050786,False,30615.7251428147,71407174.94373845,185.6803913927,Earth,0.03922316335,2025-07,small
3780633,(2017 PK25),2025-07-22,25.3,0.0231502122,0.0517654482,False,49181.313609342,50266370.96379291,130.7078657264,Earth,0.0374578302,2025-07,small
3825008,(2018 KU1),2025-07-22,20.95,0.1716148941,0.3837425691,False,68599.8983991661,32682744.79510272,84.985085184,Earth,0.2776787316,2025-07,large
2836356,836356 (2012 OQ),2025-07-22,21.88,0.1118291378,0.250057554,True,48710.5773224407,8058033.796659804,20.9533407588,Earth,0.1809433459,2025-07,medium
3745831,(2016 EJ55),2025-07-20,24.6,0.0319561887,0.0714562102,False,27056.5696981409,62498165.15270005,162.5142540091,Earth,0.05170619945,2025-07,medium
3769881,(2017 DV35),2025-07-20,27.2,0.0096506147,0.0215794305,False,21596.387953765,31274919.811475065,81.3243116808,Earth,0.0156150226,2025-07,small
3261769,(2004 VZ14),2025-07-16,25.04,0.0260948603,0.0583498816,False,45403.6153019083,40632121.05116713,105.6558832616,Earth,0.042222370950000004,2025-07,small
3734471,(2015 VG105),2025-07-16,24.0,0.0421264611,0.0941976306,False,22093.4792216495,63698202.91355764,165.6347174821,Earth,0.06816204584999999,2025-07,medium
3735684,(2015 XQ1),2025-07-16,23.4,0.0555334912,0.1241766613,False,70201.7639318142,47759358.99505711,124.1888714664,Earth,0.08985507625,2025-07,medium
3767010,(2017 BO6),2025-07-19,26.1,0.0160160338,0.0358129403,False,36004.5992710303,46382479.76697851,120.6085663476,Earth,0.025914487049999997,2025-07,small
3798987,(2018 BY6),2025-07-19,23.45,0.0542693946,0.1213500554,False,26696.2315458967,5259475.625408584,13.6762376248,Earth,0.087809725,2025-07,medium
3838243,(2019 CH4),2025-07-19,25.3,0.0231502122,0.0517654482,False,43636.0965888074,70827507.10322806,184.1730785549,Earth,0.0374578302,2025-07,small
3942363,(2019 YL),2025-07-19,25.55,0.0206326484,0.0461360043,False,22186.7300814999,65150136.33548183,169.4101863516,Earth,0.03338432635,2025-07,small
3644769,(2013 NV6),2025-07-17,17.75,0.7491261831,1.6750970692,False,105113.3920838881,47083471.30054144,122.4313577186,Earth,1.21211162615,2025-07,large
3674427,(2014 NA39),2025-07-17,24.1,0.040230458,0.0899580388,False,67961.0767504327,53132906.06309703,138.1617295657,Earth,0.0650942484,2025-07,medium
3702671,(2014 YN),2025-07-17,25.7,0.0192555078,0.0430566244,False,21239.489515586,33625879.28571291,87.4375219523,Earth,0.031156066099999997,2025-07,small
54373542,(2023 LM2),2025-07-17,19.79,0.2927891485,0.6546964391,False,66970.6601786802,21921594.682514276,57.0028191678,Earth,0.47374279379999995,2025-07,large
2887017,887017 (2023 LM2),2025-07-17,19.8,0.2914439045,0.6516883822,False,66970.6608869176,21921595.221066605,57.0028205682,Earth,0.47156614335,2025-07,large
2483472,483472 (2002 NX),2025-07-18,19.24,0.3771854893,0.8434123941,False,53945.0469438379,28389299.359991446,73.8208201162,Earth,0.6102989417,2025-07,large
3771628,(2017 FW2),2025-07-18,25.6,0.0201629919,0.0450858206,False,48710.684917989,39435661.26744569,102.5447236183,Earth,0.03262440625,2025-07,small
3789631,(2017 WV13),2025-07-18,21.2,0.1529519353,0.3420109247,True,62339.9262026112,38246114.59577418,99.4515401707,Earth,0.24748143,2025-07,large
3799682,(2018 CU14),2025-07-18,27.6,0.0080270317,0.0179489885,False,55061.1624264451,57689237.75574891,150.0095789264,Earth,0.012988010099999999,2025-07,small
3802577,(2018 GY3),2025-07-18,27.6,0.0080270317,0.0179489885,False,35426.4791532205,69251382.72067598,180.0746753837,Earth,0.012988010099999999,2025-07,small
2523728,523728 (2014 ON344),2025-07-23,22.6,0.0802703167,0.1794898848,False,49343.0546117362,51430283.7113246,133.7343931682,Earth,0.12988010075,2025-07,medium
3184476,(2004 ME6),2025-07-23,20.7,0.1925550782,0.4305662442,False,49259.3668817825,21858113.170454875,56.8377479125,Earth,0.31156066120000003,2025-07,large
3348144,(2006 TL),2025-07-23,23.9,0.04411182,0.0986370281,False,31168.5028083693,47646810.84769684,123.8962120233,Earth,0.07137442405,2025-07,medium
3703372,(2015 AW16),2025-07-23,21.56,0.1295850727,0.2897610314,False,62630.9939272565,20229645.151420407,52.6032353529,Earth,0.20967305204999998,2025-07,large
3720924,(2015 LA2),2025-07-23,23.01,0.0664591797,0.1486072436,False,24375.065871424,14593268.957266431,37.9469415198,Earth,0.10753321164999999,2025-07,medium
3779048,(2017 OD20),2025-07-23,22.67,0.0777239702,0.1737960809,False,8415.7225648326,38215194.974973015,99.3711397446,Earth,0.12576002555000002,2025-07,medium
3786458,(2017 UG),2025-07-23,27.5,0.008405334,0.0187948982,False,29389.163182735,55578184.79528119,144.5201986189,Earth,0.0136001161,2025-07,small
54420791,(2024 AW4),2025-07-23,20.71,0.191670368,0.428587972,False,49259.3690507638,21858112.61694276,56.8377464732,Earth,0.31012917,2025-07,large
2875493,875493 (2004 ME6),2025-07-23,20.68,0.1943367684,0.4345502246,False,49259.3652282928,21858113.709007207,56.8377493129,Earth,0.3144434965,2025-07,large
3170242,(2003 YR1),2025-07-26,22.2,0.096506147,0.2157943048,False,80260.0216685993,64636471.20985354,168.0745006639,Earth,0.1561502259,2025-07,medium
3602933,(2012 HD20),2025-07-26,22.2,0.096506147,0.2157943048,False,31404.2442204169,73078560.67682317,190.0265030731,Earth,0.1561502259,2025-07,medium
3843317,(2019 NB7),2025-07-26,27.4,0.0088014652,0.0196806745,False,62433.6776579725,25968149.53753576,67.5250935732,Earth,0.01424106985,2025-07,small
3634943,(2013 HL),2025-07-27,21.68,0.1226182113,0.2741826558,False,10760.6796767868,59010166.76709625,153.4443964503,Earth,0.19840043355,2025-07,medium
3781043,(2017 QK18),2025-07-27,24.65,0.031228777,0.0698296682,False,68011.8056822113,48156348.56809183,125.221165201,Earth,0.0505292226,2025-07,medium
3565066,(2011 JM5),2025-07-24,26.3,0.0146067964,0.0326617897,False,58285.7261026747,45462918.71424568,118.2174276936,Earth,0.023634293049999998,2025-07,small
3825420,(2018 LU15),2025-07-24,23.57,0.0513517179,0.1148259319,False,21085.8232895148,11798453.09641156,30.679569532,Earth,0.0830888249,2025-07,medium
3836206,(2018 VD8),2025-07-24,21.4,0.1394938229,0.3119176705,False,12612.906892935,60229256.29541152,156.6144003181,Earth,0.22570574670000002,2025-07,large
3717081,(2015 HS11),2025-07-25,27.1,0.0101054342,0.0225964377,False,29907.8409228862,31448282.978620708,81.7751086876,Earth,0.01635093595,2025-07,small
3310057,(2005 YX128),2025-07-28,19.02,0.4174024334,0.933340215,False,78182.1730280628,9319365.0212106,24.2331858953,Earth,0.6753713242,2025-07,large
3511111,(2010 EX11),2025-07-28,24.11,0.0400456158,0.0895447192,False,24375.2237707139,26616920.030070774,69.2120943413,Earth,0.0647951675,2025-07,medium
3724583,(2015 OH26),2025-07-28,24.1,0.040230458,0.0899580388,False,49432.5933702538,45568814.93247727,118.4927900961,Earth,0.0650942484,2025-07,medium
3768620,(2017 CR1),2025-07-28,27.8,0.0073207399,0.016369672,False,19503.9136191324,24525647.992038906,63.7741504535,Earth,0.01184520595,2025-07,small
3797910,(2018 BE5),2025-07-28,24.5,0.0334622374,0.0748238376,False,50035.695702048,4153921.111682399,10.8014593553,Earth,0.0541430375,2025-07,medium
3798979,(2018 BR6),2025-07-28,26.3,0.0146067964,0.0326617897,False,30636.7032954765,58067973.59116346,150.9944073867,Earth,0.023634293049999998,2025-07,small
3802437,(2018 GC2),2025-07-28,26.8,0.0116025908,0.0259441818,False,20655.7312330756,74284556.26261224,193.1624587045,Earth,0.0187733863,2025-07,small
2613291,613291 (2005 YX128),2025-07-28,18.99,0.4232090797,0.9463242708,False,78182.1422364697,9319390.99140083,24.2332534257,Earth,0.68476667525,2025-07,large
3523337,(2010 KU7),2025-07-29,22.24,0.0947447113,0.2118556149,False,58029.763520902,57375246.20297422,149.1931053093,Earth,0.1533001631,2025-07,medium
3666783,(2014 FO47),2025-07-29,20.21,0.2412986969,0.5395602892,True,59233.268070743,72138945.8650592,187.5832185412,Earth,0.39042949304999996,2025-07,large
3709711,(2015 BP515),2025-07-29,21.13,0.1579628558,0.3532156834,True,40786.9419563698,25804223.796898425,67.0988367481,Earth,0.2555892696,2025-07,large
3725653,(2015 PU56),2025-07-29,23.0,0.0667659413,0.1492931834,False,42787.8574079252,67848909.19693331,176.4278173052,Earth,0.10802956235,2025-07,medium
2456537,456537 (2007 BG),2025-08-01,19.63,0.3151773333,0.7047579421,False,68281.0787383794,74405700.85709482,193.4774715269,Earth,0.5099676377,2025-08,large
3114026,(2002 CC14),2025-08-01,24.8,0.0291443905,0.0651688382,False,65772.6923778743,70596275.45578372,183.571805884,Earth,0.04715661435,2025-08,small
3284923,(2005 OX),2025-08-01,20.6,0.2016299194,0.4508582062,True,88153.5618690898,25239051.346720207,65.6292163376,Earth,0.3262440628,2025-08,large
3381348,(2007 PS25),2025-08-01,25.5,0.0211132445,0.0472106499,False,42153.7100274608,16400660.830912529,42.6467105663,Earth,0.0341619472,2025-08,small
3596496,(2012 BA62),2025-08-01,26.65,0.0124324001,0.0277996916,False,57818.3431160617,56495772.71194786,146.9062065185,Earth,0.02011604585,2025-08,small
3756911,(2016 PD1),2025-08-01,23.83,0.0455569852,0.1018685158,False,44265.3288985616,43505511.472864,113.1275730259,Earth,0.07371275050000001,2025-08,medium
3968754,(2019 YA5),2025-08-01,26.0,0.0167708462,0.0375007522,False,20382.4879123397,46236004.5879571,120.2276862947,Earth,0.0271357992,2025-08,small
2035107,35107 (1991 VH),2025-08-02,16.86,1.128638801,2.523713081,True,31213.7211962002,11689294.896624636,30.3957249845,Earth,1.8261759409999998,2025-08,large
2450300,450300 (2004 QD14),2025-08-02,20.68,0.1943367684,0.4345502246,True,55126.3841540168,28523306.693492167,74.1692799755,Earth,0.3144434965,2025-08,large
3591722,(2011 YJ28),2025-08-02,21.32,0.1447288051,0.3236234466,True,73808.2712603178,64275747.96029272,167.1365104099,Earth,0.23417612584999997,2025-08,large
3678630,(2014 OL339),2025-08-02,22.78,0.0738847787,0.1652113876,False,31482.229169409,52468074.68339966,136.432965602,Earth,0.11954808315000001,2025-08,medium
3724395,(2015 OF22),2025-08-02,22.11,0.100590039,0.2249261651,False,30133.6735193405,52719033.30828793,137.0855344192,Earth,0.16275810205,2025-08,medium
3838099,(2019 CW),2025-08-02,23.85,0.0451393163,0.1009345797,False,92476.6723153789,69687978.91322488,181.2099583854,Earth,0.073036948,2025-08,medium
3520662,(2010 JR34),2025-07-31,27.7,0.0076657557,0.0171411509,False,16823.9924958658,24921458.539380796,64.8033783624,Earth,0.012403453299999999,2025-07,small
3739705,(2016 AH164),2025-07-31,29.7,0.0030517923,0.0068240151,False,61181.7342767003,52840488.13883334,137.4013539498,Earth,0.004937903699999999,2025-07,small
3751530,(2016 GF216),2025-07-31,24.9,0.0278326768,0.0622357573,False,10219.883132,42844571.77703617,111.4089286249,Earth,0.04503421705,2025-07,small
3759677,(2016 NO56),2025-08-03,25.7,0.0192555078,0.0430566244,False,30278.3152033887,24948368.17431682,64.8733516046,Earth,0.031156066099999997,2025-08,small
3755347,(2016 NJ33),2025-08-03,25.53,0.0208235599,0.0465628955,False,18950.6114159922,16570112.686948089,43.0873369736,Earth,0.0336932277,2025-08,small
3423027,(2008 PG2),2025-08-04,22.76,0.0745684261,0.1667400697,False,16647.5130711703,21194213.336693995,55.1114062518,Earth,0.1206542479,2025-08,medium
3621812,(2012 YJ7),2025-08-04,22.43,0.0868070458,0.1941064553,False,103682.4405714572,49861765.84190968,129.6557692466,Earth,0.14045675055,2025-08,medium
3626084,(2013 CQ35),2025-08-04,19.74,0.2996090839,0.6699462782,False,41783.0111037893,18114125.21351427,47.1022395443,Earth,0.48477768104999996,2025-08,large
3766434,(2017 AH13),2025-08-04,21.41,0.138852907,0.310484539,False,77238.8467675715,61374834.76182984,159.593253048,Earth,0.22466872300000001,2025-08,large
3879320,(2019 UY3),2025-08-04,23.93,0.0435065831,0.0972836774,False,32420.8022653683,22467375.79302969,58.4220161924,Earth,0.07039513025000001,2025-08,medium
2837134,837134 (2013 CQ35),2025-08-04,19.81,0.2901048414,0.648694146,False,41783.0047236428,18114131.855659697,47.1022568159,Earth,0.4693994937,2025-08,large
2442037,442037 (2010 PR66),2025-07-30,19.26,0.3737274319,0.8356799428,True,74049.2713051294,26869950.540579192,69.8700506918,Earth,0.60470368735,2025-07,large
3836294,(2018 WE1),2025-07-30,26.1,0.0160160338,0.0358129403,False,41546.3889039912,46826539.576779164,121.7632570261,Earth,0.025914487049999997,2025-07,small
2002100,2100 Ra-Shalom (1978 RA),2025-08-12,16.24,1.5016024791,3.3576852183,False,44009.556228653,25866034.25587056,67.2595627567,Earth,2.4296438487,2025-08,large
3337714,(2006 OE7),2025-08-12,19.83,0.2874451443,0.6427468824,False,96864.8754385318,13898634.959183829,36.1406816763,Earth,0.46509601335,2025-08,large
3720359,(2015 KU121),2025-08-12,22.9,0.0699125232,0.1563291544,False,51036.2568362833,64072149.04404883,166.6070912516,Earth,0.11312083880000001,2025-08,medium
3758843,(2016 QF84),2025-08-12,23.34,0.057089334,0.1276556316,False,27307.8845212901,9532265.708614282,24.7867924901,Earth,0.0923724828,2025-08,medium
3785772,(2017 TN4),2025-08-12,25.2,0.0242412481,0.0542050786,False,59468.7715916875,58427099.97322075,151.9282452991,Earth,0.03922316335,2025-08,small
3789722,(2017 WO16),2025-08-12,25.04,0.0260948603,0.0583498816,False,71580.2500373425,73469460.88351932,191.0429626016,Earth,0.042222370950000004,2025-08,small
3545705,(2010 RF42),2025-08-10,25.1,0.0253837029,0.0567596853,False,63321.9596407138,65281893.64221881,169.7527954564,Earth,0.0410716941,2025-08,small
3601337,(2012 EP10),2025-08-10,29.1,0.0040230458,0.0089958039,False,10020.5434590245,19273529.649716068,50.1170440043,Earth,0.00650942485,2025-08,small
2444004,444004 (2004 AS1),2025-08-11,20.58,0.2034955781,0.4550299458,True,32184.468126742,19238668.977748264,50.0263956455,Earth,0.32926276195,2025-08,large
3759247,(2016 RY17),2025-08-11,25.36,0.0225193047,0.050354696,False,87145.0941675708,66992044.417040266,174.1997080455,Earth,0.03643700035,2025-08,small
3797753,(2018 BV1),2025-08-11,24.3,0.0366906138,0.0820427065,False,40350.5503955442,56222867.67561633,146.196570351,Earth,0.05936666015,2025-08,medium
3802594,(2018 GS4),2025-08-11,24.9,0.0278326768,0.0622357573,False,27552.2351104101,73086307.46788304,190.046647088,Earth,0.04503421705,2025-08,small
3837996,(2019 BM2),2025-08-11,26.28,0.0147419515,0.0329640056,False,39935.3999015952,66826691.67728079,173.7697405883,Earth,0.02385297855,2025-08,small
3944182,(2019 YS2),2025-08-11,27.1,0.0101054342,0.0225964377,False,25827.8826004671,58383632.26260144,151.8152160198,Earth,0.01635093595,2025-08,small
3333611,(2006 KR1),2025-08-06,20.2,0.2424124811,0.5420507863,False,51211.6815492695,52107920.27973952,135.4964545205,Earth,0.3922316337,2025-08,large
3648839,(2013 TM4),2025-08-06,24.37,0.0355267088,0.079440136,False,34489.7940846041,15617596.091121914,40.6105038758,Earth,0.0574834224,2025-08,medium
3788891,(2017 UA45),2025-08-06,26.1,0.0160160338,0.0358129403,False,17651.2745029105,30610259.511901826,79.5959925775,Earth,0.025914487049999997,2025-08,small
3709079,(2015 BR510),2025-08-09,20.35,0.2262324906,0.5058712276,False,52897.3377221822,22963742.468156274,59.7127206431,Earth,0.36605185910000004,2025-08,large
2513138,513138 (2002 CY58),2025-08-07,21.05,0.1638909515,0.3664713084,False,42125.8688583199,11467560.784112765,29.8191487955,Earth,0.26518112995,2025-08,large
3986776,(2020 BY1),2025-08-07,26.4,0.0139493823,0.0311917671,False,92591.1902822162,47582017.31743818,123.7277291213,Earth,0.0225705747,2025-08,small
3426239,(2008 QU3),2025-08-08,20.72,0.1907897226,0.4266187892,False,39078.2585116746,12707307.908301665,33.0428687008,Earth,0.3087042559,2025-08,large
3648206,(2013 RG74),2025-08-08,23.35,0.0568270323,0.1270691073,False,62721.3005404834,11941327.858616317,31.0510874052,Earth,0.0919480698,2025-08,medium
3764860,(2016 WV9),2025-08-08,23.2,0.0608912622,0.1361570015,False,43677.4332801424,49872550.93578968,129.6838137737,Earth,0.09852413185,2025-08,medium
3767167,(2017 BW30),2025-08-08,23.8,0.046190746,0.1032856481,False,45221.0022855594,15112767.57703644,39.297796068,Earth,0.07473819705,2025-08,medium
3778661,(2017 OR19),2025-08-08,23.91,0.0439091446,0.0981838322,False,32896.3241748349,19856001.552701723,51.6316482581,Earth,0.0710464884,2025-08,medium
3795122,(2017 YG7),2025-08-08,24.7,0.0305179233,0.0682401509,False,48143.5666459517,54177330.20472789,140.8775502595,Earth,0.0493790371,2025-08,small
3825135,(2018 LV2),2025-08-08,25.3,0.0231502122,0.0517654482,False,26729.4301882602,41801961.77885523,108.6978252563,Earth,0.0374578302,2025-08,small
3838124,(2019 CO1),2025-08-08,23.79,0.0464039528,0.1037623929,False,37992.8370347608,6899779.663359795,17.9415274365,Earth,0.07508317285,2025-08,medium
3757201,(2016 PT26),2025-08-13,23.2,0.0608912622,0.1361570015,False,81017.0272955786,57739892.71651494,150.1412972439,Earth,0.09852413185,2025-08,medium
3789401,(2017 VE14),2025-08-13,27.9,0.0069912523,0.0156329154,False,37851.4129574358,54257284.117770426,141.0854547716,Earth,0.01131208385,2025-08,small
3989269,(2020 BZ11),2025-08-13,22.2,0.096506147,0.2157943048,False,43791.6752516898,23364891.38556953,60.7558299392,Earth,0.1561502259,2025-08,medium
3799878,(2018 EY3),2025-08-16,23.6,0.0506471459,0.1132504611,False,77042.1558467682,68517251.89295596,178.1657117602,Earth,0.0819488035,2025-08,medium
3840738,(2019 FN2),2025-08-16,23.7,0.0483676488,0.1081533507,False,36005.7667603518,54622112.12344703,142.034118641,Earth,0.07826049975,2025-08,medium
3841534,(2019 HQ),2025-08-16,26.25,0.0149470324,0.0334225806,False,30352.0361181191,57601130.444635846,149.7804730974,Earth,0.024184806500000003,2025-08,small
3092310,(2001 QE96),2025-08-17,23.0,0.0667659413,0.1492931834,False,17976.3825556676,46117437.02622227,119.9193745419,Earth,0.10802956235,2025-08,medium
3512702,(2010 FV9),2025-08-17,25.4,0.022108281,0.0494356193,False,23825.9628692077,51537178.24102205,134.0123514844,Earth,0.035771950149999995,2025-08,small
3600106,(2012 DJ54),2025-08-17,28.5,0.0053034072,0.0118587791,False,21962.9305953283,51442328.853103824,133.7657142034,Earth,0.00858109315,2025-08,small
3801945,(2018 FD),2025-08-17,24.27,0.037201031,0.0831840342,False,59235.1154797961,68979945.25440893,179.3688553451,Earth,0.0601925326,2025-08,medium
3645463,(2013 PS20),2025-08-14,23.96,0.0429096504,0.0959488953,False,27080.7384524431,24127366.506758653,62.7384973538,Earth,0.06942927285,2025-08,medium
3743127,(2016 CZ192),2025-08-14,24.6,0.0319561887,0.0714562102,False,54306.1980918868,52236628.497649945,135.8311350662,Earth,0.05170619945,2025-08,medium
3750660,(2016 GJ134),2025-08-14,23.51,0.0527904029,0.1180429295,False,103895.3864271492,41462263.10370293,107.8145052957,Earth,0.0854166662,2025-08,medium
3607411,(2012 PG6),2025-08-15,20.25,0.2368944994,0.5297122041,False,48035.5723640808,41827809.83738616,108.7650380767,Earth,0.38330335174999997,2025-08,large
3759291,(2016 RK20),2025-08-15,24.6,0.0319561887,0.0714562102,False,30862.1480608129,44725705.37753497,116.3004486084,Earth,0.05170619945,2025-08,medium
3760680,(2016 TZ19),2025-08-15,23.15,0.0623096019,0.1393285055,False,47103.2992596114,65922037.13974647,171.4173634114,Earth,0.1008190537,2025-08,medium
3826685,(2018 PR10),2025-08-15,24.3,0.0366906138,0.0820427065,False,99788.596143268,70736474.60024437,183.9363663366,Earth,0.05936666015,2025-08,medium
3837603,(2019 AD3),2025-08-15,26.0,0.0167708462,0.0375007522,False,42143.9832941062,52932705.00815381,137.6411458811,Earth,0.0271357992,2025-08,small
3147579,(2003 CA4),2025-08-18,23.6,0.0506471459,0.1132504611,False,24814.5599155263,29836616.44596381,77.584285107,Earth,0.0819488035,2025-08,medium
3536591,(2010 NG1),2025-08-18,20.29,0.2325706875,0.5200438667,False,84773.54464146,55610660.80240226,144.6046461232,Earth,0.3763072771,2025-08,large
2469737,469737 (2005 NW44),2025-08-19,20.39,0.2221032822,0.4966380371,False,55064.225800894,19402510.120790116,50.4524324911,Earth,0.35937065965,2025-08,large
3740915,(2016 BP14),2025-08-19,20.95,0.1716148941,0.3837425691,True,62467.6057381714,9641144.130464736,25.0699095298,Earth,0.2776787316,2025-08,large
3721289,(2015 MC),2025-08-24,24.11,0.0400456158,0.0895447192,False,26283.9831167483,49365820.82333948,128.3661612313,Earth,0.0647951675,2025-08,medium
3756946,(2016 PC8),2025-08-24,24.7,0.0305179233,0.0682401509,False,62259.8064946978,66310921.75450096,172.4285817873,Earth,0.0493790371,2025-08,small
3838874,(2019 DB2),2025-08-24,25.7,0.0192555078,0.0430566244,False,31499.1334096766,33800914.85232665,87.8926677068,Earth,0.031156066099999997,2025-08,small
3840791,(2019 GM1),2025-08-24,27.25,0.0094309399,0.0210882227,False,12887.4750542877,17583751.2474693,45.7231057853,Earth,0.015259581299999998,2025-08,small
3843715,(2019 QQ6),2025-08-24,25.37,0.0224158379,0.0501233372,False,61416.7121992871,4136744.957439414,10.7567961258,Earth,0.036269587549999996,2025-08,small
3884012,(2019 UT8),2025-08-24,27.2,0.0096506147,0.0215794305,False,43168.7657350148,56835542.38624925,147.7897110985,Earth,0.0156150226,2025-08,small
3732907,(2015 UW67),2025-08-21,22.65,0.0784431412,0.1754041962,False,29483.8012799363,9872362.91249226,25.6711487467,Earth,0.1269236687,2025-08,medium
3063789,(2000 UR16),2025-08-22,23.9,0.04411182,0.0986370281,False,40639.5559711973,63003091.99746548,163.8272175066,Earth,0.07137442405,2025-08,medium
3153530,(2003 HT42),2025-08-22,24.8,0.0291443905,0.0651688382,False,32867.477825246,51257956.19527318,133.2862891695,Earth,0.04715661435,2025-08,small
3595924,(2012 BT1),2025-08-22,27.4,0.0088014652,0.0196806745,False,58726.7498441315,69052933.50166981,179.5586470058,Earth,0.01424106985,2025-08,small
3596262,(2012 BX34),2025-08-22,27.6,0.0080270317,0.0179489885,False,61965.6071226952,71555636.97695068,186.0664378713,Earth,0.012988010099999999,2025-08,small
3682497,(2014 QQ33),2025-08-22,22.12,0.1001278698,0.2238927232,False,36736.3291349354,13786331.83817483,35.8486593763,Earth,0.1620102965,2025-08,medium
3023012,(1999 RA32),2025-08-25,21.32,0.1447288051,0.3236234466,False,21274.6055907505,17000584.14822197,44.2066938096,Earth,0.23417612584999997,2025-08,large
3092261,(2000 HP40),2025-08-25,24.02,0.0417402433,0.0933340215,False,19220.062037546,59279125.30689867,154.1437705255,Earth,0.0675371324,2025-08,medium
3623523,(2013 AM20),2025-08-25,23.5,0.0530340723,0.1185877909,False,25230.4887282724,74387489.02183804,193.4301152115,Earth,0.0858109316,2025-08,medium
3759669,(2016 SC),2025-08-25,27.6,0.0080270317,0.0179489885,False,43685.8339090306,34198606.50312506,88.9267870573,Earth,0.012988010099999999,2025-08,small
3773985,(2017 HE),2025-08-25,26.7,0.0121494041,0.0271668934,False,32517.8957655174,73568775.04978728,191.3012096654,Earth,0.01965814875,2025-08,small
3989082,(2020 BA5),2025-08-25,24.32,0.0363542322,0.0812905344,False,15349.2657890913,19633036.892990597,51.0518722718,Earth,0.0588223833,2025-08,medium
3289173,(2005 QQ87),2025-08-26,22.84,0.0718712133,0.1607089186,False,72479.7112459979,19069658.95902175,49.5869181497,Earth,0.11629006595,2025-08,medium
3381257,(2007 PP9),2025-08-26,21.46,0.135692229,0.303417048,False,32029.5509835742,18989921.42433837,49.3795762872,Earth,0.2195546385,2025-08,large
3557958,(2011 DT9),2025-08-26,25.2,0.0242412481,0.0542050786,False,23586.245665216,27889391.239528567,72.5209068296,Earth,0.03922316335,2025-08,small
3738913,(2015 YC1),2025-08-26,26.0,0.0167708462,0.0375007522,False,25991.956080936,53736648.06051545,139.7316425397,Earth,0.0271357992,2025-08,small
3838894,(2019 ET),2025-08-26,24.5,0.0334622374,0.0748238376,False,56460.3339125606,37790651.80801107,98.2671982784,Earth,0.0541430375,2025-08,medium
3010679,(1997 QK1),2025-08-20,20.26,0.235806068,0.5272783976,True,35396.021479432,3011710.616910327,7.8313643769,Earth,0.3815422328,2025-08,large
3827309,(2018 RS1),2025-08-20,23.8,0.046190746,0.1032856481,False,72805.5083050196,70174275.49749114,182.4744775345,Earth,0.07473819705,2025-08,medium
3827310,(2018 RW1),2025-09-02,23.41,0.0552783379,0.1236061213,False,25778.675700616,24083201.999180447,62.6236561903,Earth,0.0894422296,2025-09,medium
3840783,(2019 GE1),2025-09-02,27.0,0.0105816886,0.023661375,False,19958.7293918922,25422188.041908693,66.1054274924,Earth,0.0171215318,2025-09,small
3014184,(1998 SD9),2025-09-01,24.09,0.0404161533,0.0903732663,False,82121.8004778265,53177127.26826797,138.2767181602,Earth,0.0653947098,2025-09,medium
3136724,(2002 RS129),2025-09-01,22.91,0.0695913044,0.1556108872,False,56380.8760003184,24283268.580598325,63.1438902028,Earth,0.1126010958,2025-09,medium
3404165,(2008 DL4),2025-09-01,26.9,0.0110803882,0.0247765013,False,17062.0253087011,25169587.92447227,65.4485902949,Earth,0.01792844475,2025-09,small
3689354,(2014 SN142),2025-09-01,28.2,0.0060891262,0.0136157002,False,80793.3848785826,46814825.3305286,121.73279642,Earth,0.0098524132,2025-09,small
3840866,(2019 GJ4),2025-09-01,26.02,0.0166170902,0.0371569432,False,39845.7059736262,31782648.02595411,82.6445595923,Earth,0.026887016700000002,2025-09,small
3125000,(2002 JC9),2025-08-27,18.5,0.5303407233,1.1858779086,False,132362.494168896,58114179.40655718,151.1145565719,Earth,0.85810931595,2025-08,large
3681964,(2014 PS59),2025-08-27,20.59,0.2025606009,0.4529392731,True,53731.5292820956,9462534.86521393,24.605471071,Earth,0.327749937,2025-08,large
2098943,98943 Torifune (2001 CC21),2025-08-28,18.71,0.4814541966,1.0765643117,False,15623.9222338658,19921804.25523161,51.8027553152,Earth,0.77900925415,2025-08,large
3559596,(2011 EM40),2025-08-28,28.0,0.0066765941,0.0149293183,False,59394.4322899734,29566974.154136773,76.8831330684,Earth,0.0108029562,2025-08,small
3788075,(2017 UP6),2025-08-28,26.1,0.0160160338,0.0358129403,False,100244.8274791039,73813757.17992991,191.938237777,Earth,0.025914487049999997,2025-08,small
3879168,(2019 TZ6),2025-08-28,27.7,0.0076657557,0.0171411509,False,31695.1970836596,53535138.308445685,139.2076558442,Earth,0.012403453299999999,2025-08,small
3261681,(2004 VJ1),2025-08-29,24.1,0.040230458,0.0899580388,False,46960.959262775,41189801.16130256,107.1060213073,Earth,0.0650942484,2025-08,medium
3756945,(2016 PB8),2025-08-29,22.5,0.0840533402,0.1879489824,False,56186.6902704292,51636500.57533371,134.2706197876,Earth,0.1360011613,2025-08,medium
3761354,(2016 UR5),2025-08-29,26.7,0.0121494041,0.0271668934,False,41537.0810180185,63395638.30432418,164.8479573966,Earth,0.01965814875,2025-08,small
3781451,(2017 RK15),2025-08-29,25.68,0.0194336768,0.0434550225,False,47530.9674945058,6039668.355371365,15.7049762155,Earth,0.03144434965,2025-08,small
3878570,(2019 TZ1),2025-08-29,24.0,0.0421264611,0.0941976306,False,17230.1738734443,73486448.75388314,191.0871362357,Earth,0.06816204584999999,2025-08,medium
3014109,(1998 SH2),2025-08-30,20.88,0.1772372393,0.3963145151,True,62280.7041469583,3108484.072793349,8.0830048203,Earth,0.2867758772,2025-08,large
3837805,(2019 AU9),2025-08-30,26.7,0.0121494041,0.0271668934,False,20843.8501245694,44769330.88398757,116.4138882049,Earth,0.01965814875,2025-08,small
3838137,(2019 CB2),2025-08-30,26.0,0.0167708462,0.0375007522,False,64345.9293539017,26233309.44334377,68.2145900437,Earth,0.0271357992,2025-08,small
3843107,(2019 NC1),2025-08-30,21.4,0.1394938229,0.3119176705,False,36968.6352505032,35185636.12042894,91.4933645168,Earth,0.22570574670000002,2025-08,large
2875163,875163 (1998 SH2),2025-08-30,20.88,0.1772372393,0.3963145151,True,62280.702824472,3108484.327109728,8.0830054816,Earth,0.2867758772,2025-08,large
3278402,(2005 KA),2025-08-31,24.7,0.0305179233,0.0682401509,False,22937.1079401631,40098761.85962631,104.2689870076,Earth,0.0493790371,2025-08,small
3686085,(2014 QN433),2025-08-31,22.4,0.0880146521,0.1968067451,False,35144.732029319,70671705.00564492,183.7679456746,Earth,0.1424106986,2025-08,medium
3689239,(2014 SG1),2025-08-31,29.1,0.0040230458,0.0089958039,False,83278.9354879195,55689195.6001304,144.8088605035,Earth,0.00650942485,2025-08,small
3785693,(2017 TP2),2025-08-31,24.5,0.0334622374,0.0748238376,False,64015.2983390969,51262746.42378909,133.2987452218,Earth,0.0541430375,2025-08,medium
3799253,(2018 CA1),2025-08-31,25.2,0.0242412481,0.0542050786,False,50784.427672731,56594114.25270422,147.1619244599,Earth,0.03922316335,2025-08,small
3831194,(2018 TY),2025-08-31,22.44,0.0864082036,0.1932146172,False,31869.0211103545,72798705.17385358,189.2987935766,Earth,0.1398114104,2025-08,medium
3445666,(2009 CA3),2025-09-03,20.14,0.2492039814,0.5572370428,False,41673.7064381519,26775482.17843585,69.6244041938,Earth,0.4032205121,2025-09,large
3654483,(2013 XY20),2025-09-03,25.64,0.0197949759,0.0442629117,False,10548.4391760949,28415413.253937367,73.8887241896,Earth,0.0320289438,2025-09,small
54554706,(2025 US6),2025-09-03,31.008,0.0016709174,0.0037362848,False,5629.5006539618,381125.227553976,0.9910416072,Earth,0.0027036011,2025-09,small
2523661,523661 (2012 LF11),2025-09-07,20.79,0.1847374636,0.4130855266,False,93479.5368830909,59480328.20381749,154.6669593042,Earth,0.2989114951,2025-09,large
3160742,(2003 SU84),2025-09-07,22.2,0.096506147,0.2157943048,False,52053.7667938391,23355183.306594823,60.7305859787,Earth,0.1561502259,2025-09,medium
3545713,(2010 RJ43),2025-09-07,23.7,0.0483676488,0.1081533507,False,38591.532708975,37963457.4538148,98.71654556,Earth,0.07826049975,2025-09,medium
3612172,(2012 UY9),2025-09-07,24.54,0.0328514828,0.0734581487,False,29359.9435612614,9846522.438573338,25.6039556486,Earth,0.05315481575,2025-09,medium
3758923,(2016 RB1),2025-09-06,28.3,0.0058150704,0.0130028927,False,42892.8326278297,24863512.896500744,64.6527020521,Earth,0.009408981549999999,2025-09,small
3740664,(2016 BQ),2025-09-05,26.54,0.0130784109,0.0292442157,False,68244.6785265551,72736928.53895985,189.1381555209,Earth,0.021161313299999998,2025-09,small
3803758,(2018 GW4),2025-09-05,22.07,0.1024601475,0.2291078547,False,71193.7791451516,48727257.51315285,126.7057022444,Earth,0.1657840011,2025-09,medium
3893638,(2019 WC4),2025-09-05,22.4,0.0880146521,0.1968067451,False,98182.1713187945,59860574.39428734,155.6557151474,Earth,0.1424106986,2025-09,medium
54017196,(2020 KO3),2025-09-05,20.19,0.2435314063,0.5445527791,True,37585.7100959364,23663222.10580584,61.5315806245,Earth,0.3940420927,2025-09,large
2826387,826387 (2020 KO3),2025-09-05,20.18,0.2446554962,0.5470663205,True,37585.7073568922,23663236.67663837,61.5316185131,Earth,0.39586090835,2025-09,large
3546741,(2010 SJ),2025-09-04,23.8,0.046190746,0.1032856481,False,23515.6118870024,19383792.4502555,50.40376085,Earth,0.07473819705,2025-09,medium
3550117,(2010 VB),2025-09-04,25.6,0.0201629919,0.0450858206,False,27615.7624165859,34979803.363910854,90.9581366938,Earth,0.03262440625,2025-09,small
3656929,(2014 BG25),2025-09-04,25.3,0.0231502122,0.0517654482,False,42775.1998223274,51240050.078223534,133.2397278145,Earth,0.0374578302,2025-09,small
3759721,(2016 SX1),2025-09-04,28.6,0.0050647146,0.0113250461,False,50941.3871800138,54920292.497823976,142.8094783813,Earth,0.00819488035,2025-09,small
3843282,(2019 NH6),2025-09-04,24.63,0.0315177333,0.0704757942,False,6946.1320156109,17193300.881568234,44.7078159798,Earth,0.05099676375,2025-09,medium
3843884,(2019 SN),2025-09-04,25.54,0.0207278843,0.0463489584,False,38701.6585081902,21468669.2691036,55.8250752212,Earth,0.03353842135,2025-09,small
54602274,(2025 OB342),2025-09-04,24.63,0.0315177333,0.0704757942,False,6944.5084256023,17186260.087736256,44.6895077726,Earth,0.05099676375,2025-09,medium
3255328,(2004 SU55),2025-09-09,24.7,0.0305179233,0.0682401509,False,28704.0984438443,31004471.501284253,80.6210637491,Earth,0.0493790371,2025-09,small
3472700,(2009 UZ87),2025-09-09,25.9,0.0175612318,0.0392681082,False,11994.5107323522,26847103.026366,69.8106402,Earth,0.02841467,2025-09,small
3728524,(2015 SZ),2025-09-09,23.5,0.0530340723,0.1185877909,False,60100.4203184038,53030613.98666907,137.895739029,Earth,0.0858109316,2025-09,medium
3752409,(2016 HF2),2025-09-09,26.1,0.0160160338,0.0358129403,False,54046.513631741,48118248.12985237,125.1220924637,Earth,0.025914487049999997,2025-09,small
3824978,(2018 KS),2025-09-09,27.9,0.0069912523,0.0156329154,False,25044.842811394,36219165.91685534,94.1808565968,Earth,0.01131208385,2025-09,small
3840690,(2019 FR),2025-09-09,24.0,0.0421264611,0.0941976306,False,68303.5999200763,74421043.5398431,193.5173671724,Earth,0.06816204584999999,2025-09,medium
3841704,(2019 JG1),2025-09-09,26.6,0.0127219879,0.0284472297,False,28456.4986183759,7214268.673931599,18.7592945953,Earth,0.0205846088,2025-09,small
3843526,(2019 PC2),2025-09-09,25.5,0.0211132445,0.0472106499,False,58988.4026978012,64898950.217112646,168.7570259821,Earth,0.0341619472,2025-09,small
3989089,(2020 BG5),2025-09-09,23.7,0.0483676488,0.1081533507,False,54129.7605944592,59276659.27577044,154.1373580939,Earth,0.07826049975,2025-09,medium
3046125,(2000 QV7),2025-09-08,21.55,0.1301832102,0.2910985075,True,106728.6488688101,68214230.50158624,177.3777639021,Earth,0.21064085885,2025-09,large
3766128,(2016 YK4),2025-09-08,26.1,0.0160160338,0.0358129403,False,35330.1615585947,52532762.43300445,136.6011734421,Earth,0.025914487049999997,2025-09,small
3873152,(2019 SJ9),2025-09-08,27.1,0.0101054342,0.0225964377,False,49072.0807617606,34891275.12927096,90.7279363355,Earth,0.01635093595,2025-09,small
3878598,(2019 TW3),2025-09-08,22.6,0.0802703167,0.1794898848,False,6570.956842557,63068782.696070105,163.9980333194,Earth,0.12988010075,2025-09,medium
54602504,(2025 PZ160),2025-09-08,24.944,0.0272743856,0.0609873803,False,23034.1176265019,14007132.669414915,36.4228087499,Earth,0.04413088295,2025-09,small
3313157,(2006 BA),2025-09-13,27.6,0.0080270317,0.0179489885,False,24896.5983682695,52848882.613871366,137.4231821402,Earth,0.012988010099999999,2025-09,small
3607530,(2012 PB20),2025-09-13,24.79,0.0292789148,0.0654696439,False,13298.2027460503,21275326.094676703,55.3223241135,Earth,0.04737427935,2025-09,small
3727640,(2015 SA),2025-09-13,25.3,0.0231502122,0.0517654482,False,32591.5672034661,3935342.496962013,10.2330884211,Earth,0.0374578302,2025-09,small
3759318,(2016 RT20),2025-09-13,24.4,0.0350392641,0.0783501764,False,60050.2856979953,36811369.10144535,95.720765145,Earth,0.05669472025,2025-09,medium
3819564,(2018 HW1),2025-09-13,25.8,0.0183888672,0.0411187571,False,18950.7748531098,37818225.64253011,98.3388986417,Earth,0.02975381215,2025-09,small
3623681,(2013 AW52),2025-09-12,20.02,0.263363131,0.5888978636,False,75901.8970843085,69324926.73898369,180.2659122183,Earth,0.42613049729999997,2025-09,large
3648000,(2013 RQ43),2025-09-12,24.03,0.0415484643,0.0929051906,False,35801.5666227863,51137943.95194799,132.9742208048,Earth,0.06722682745,2025-09,medium
3744562,(2016 CO248),2025-09-12,27.5,0.008405334,0.0187948982,False,22761.2422103202,31349125.29172477,81.5172685178,Earth,0.0136001161,2025-09,small
3748519,(2016 FW14),2025-09-12,20.71,0.191670368,0.428587972,False,42797.5970492617,16448053.9298015,42.76994705,Earth,0.31012917,2025-09,large
3774114,(2017 HG4),2025-09-12,27.7,0.0076657557,0.0171411509,False,20741.2915964071,34942385.76514901,90.860839547,Earth,0.012403453299999999,2025-09,small
3343104,(2006 SP19),2025-09-11,24.22,0.0380675544,0.0851216393,False,23168.947809459,19791845.96759989,51.4648242077,Earth,0.06159459685,2025-09,medium
3451790,(2009 FF),2025-09-11,21.98,0.1067959975,0.2388031102,True,46535.6902948686,2613234.789037159,6.7952059273,Earth,0.17279955385,2025-09,medium
3684637,(2014 QY363),2025-09-11,21.81,0.1154928176,0.258249791,False,40505.3656241774,29773713.862701524,77.4207192428,Earth,0.1868713043,2025-09,medium
3991699,(2020 DX1),2025-09-11,26.5,0.0133215567,0.0297879063,False,24499.2988009887,21340331.82951396,55.491358812,Earth,0.0215547315,2025-09,small
2876954,876954 (2009 FF),2025-09-11,21.97,0.1072889455,0.2399053753,True,46535.6898408359,2613234.789037159,6.7952059273,Earth,0.1735971604,2025-09,medium
3092339,(2001 SQ263),2025-09-16,22.52,0.0832827346,0.1862258558,False,43274.3037270581,18321939.169423703,47.6426190888,Earth,0.1347542952,2025-09,medium
3467261,(2009 SL2),2025-09-16,22.3,0.0921626549,0.2060819612,False,72675.3141819688,55651517.40187902,144.7108857187,Earth,0.14912230804999999,2025-09,medium
3520758,(2010 HX107),2025-09-16,23.54,0.0520660914,0.1164233197,False,42994.7535259188,58774835.53962242,152.8324636234,Earth,0.08424470554999999,2025-09,medium
3836314,(2018 WX1),2025-09-16,24.14,0.0394961694,0.0883161196,False,29720.2732466997,66616228.91156556,173.222473332,Earth,0.06390614450000001,2025-09,medium
2875236,875236 (2001 SQ263),2025-09-16,22.52,0.0832827346,0.1862258558,False,43274.3036680645,18321939.19934328,47.6426191666,Earth,0.1347542952,2025-09,medium
3467394,(2009 SG18),2025-09-15,17.67,0.777239702,1.7379608086,True,123600.5148535326,17071549.06933131,44.3912242064,Earth,1.2576002553,2025-09,large
3831725,(2018 TS4),2025-09-15,27.6,0.0080270317,0.0179489885,False,35265.7166169033,39846277.590780415,103.6124510517,Earth,0.012988010099999999,2025-09,small
3836201,(2018 VL7),2025-09-15,20.86,0.1788771952,0.3999815682,False,31465.9630568958,26464277.09542693,68.8151762463,Earth,0.2894293817,2025-09,large
3440393,(2008 WL61),2025-09-10,19.87,0.2821986791,0.6310154296,False,23760.2399492178,20279701.720706437,52.7333976704,Earth,0.45660705435000004,2025-09,large
3545514,(2010 QA5),2025-09-10,22.16,0.0983003302,0.2198062205,False,73158.0635526847,20186093.306959,52.4899873,Earth,0.15905327535,2025-09,medium
3728732,(2015 SJ7),2025-09-10,25.5,0.0211132445,0.0472106499,False,58524.4681420838,28399553.007438265,73.8474827208,Earth,0.0341619472,2025-09,small
3781587,(2017 SH2),2025-09-10,23.77,0.0468333233,0.1047224945,False,17515.8857611254,28235972.733162124,73.4221242134,Earth,0.0757779089,2025-09,medium
54554706,(2025 US6),2025-09-10,31.008,0.0016709174,0.0037362848,False,6997.9128126702,150841.656610754,0.3922342238,Earth,0.0027036011,2025-09,small
2482234,482234 (2011 CG71),2025-09-23,22.52,0.0832827346,0.1862258558,False,26358.1936021092,74357598.948538,193.3523919223,Earth,0.1347542952,2025-09,medium
3429819,(2008 TD2),2025-09-23,22.17,0.0978486812,0.2187963027,False,25259.9433599409,10316120.355078071,26.8250531784,Earth,0.15832249195,2025-09,medium
3744994,(2016 ED),2025-09-23,23.7,0.0483676488,0.1081533507,False,64999.9787499821,54204197.06963288,140.9474122866,Earth,0.07826049975,2025-09,medium
3827143,(2018 QT1),2025-09-23,22.1,0.1010543415,0.2259643771,False,45547.7065768174,5032225.525274287,13.0853181889,Earth,0.1635093593,2025-09,medium
3985571,(2020 AV2),2025-09-23,16.17,1.5507970872,3.4676877062,False,34197.3987706808,53169998.73528524,138.2581818045,Earth,2.5092423967,2025-09,large
2876588,876588 (2008 TD2),2025-09-23,22.23,0.095182033,0.212833496,False,25259.9433525062,10316120.355078071,26.8250531784,Earth,0.1540077645,2025-09,medium
3143095,(2002 VU114),2025-09-22,22.8,0.0732073989,0.1636967205,False,29409.5913476974,66046077.545078,171.7399062235,Earth,0.1184520597,2025-09,medium
3335049,(2006 KN89),2025-09-22,21.41,0.138852907,0.310484539,True,36745.4075067792,21483141.860720366,55.8627083649,Earth,0.22466872300000001,2025-09,large
3546703,(2010 SE),2025-09-22,24.4,0.0350392641,0.0783501764,False,40771.1460487424,18159162.624663923,47.2193505228,Earth,0.05669472025,2025-09,medium
3612169,(2012 UV9),2025-09-22,23.12,0.0631764148,0.1412667581,False,30774.5601210303,6224849.335372973,16.1865031331,Earth,0.10222158645,2025-09,medium
3803760,(2018 GC5),2025-09-22,26.1,0.0160160338,0.0358129403,False,24776.1215580478,59612634.44497865,155.0109958056,Earth,0.025914487049999997,2025-09,small
2455594,455594 (2004 SV55),2025-09-18,17.91,0.6959130436,1.5561088719,False,116578.7204795197,24770362.027838707,64.4104814382,Earth,1.12601095775,2025-09,large
3552654,(2010 WU8),2025-09-18,24.2,0.0384197891,0.0859092601,False,25134.0085787039,9322729.148191584,24.2419336495,Earth,0.06216452459999999,2025-09,medium
3728565,(2015 SO2),2025-09-18,23.9,0.04411182,0.0986370281,False,58858.1362863025,64943242.10727716,168.8721983791,Earth,0.07137442405,2025-09,medium
2467917,467917 (2011 OP24),2025-09-17,19.84,0.2861244538,0.6397937287,False,67513.270724717,21791199.030549817,56.6637507799,Earth,0.46295909125,2025-09,large
3082930,(2001 SY269),2025-09-17,21.5,0.1332155667,0.2978790628,True,98593.3569010064,54717982.98058141,142.2834120529,Earth,0.21554731475,2025-09,large
3735181,(2015 VO142),2025-09-17,28.9,0.004411182,0.0098637028,False,10259.2063096956,21538623.95579683,56.006978701,Earth,0.0071374424,2025-09,small
3843622,(2019 QU2),2025-09-17,22.21,0.0960627415,0.2148028201,False,71197.0633518217,15199161.768141204,39.5224472635,Earth,0.1554327808,2025-09,medium
2162117,162117 (1998 SD15),2025-09-19,19.04,0.4135756649,0.9247833005,False,61938.8210369362,20499212.27031777,53.304191919,Earth,0.6691794826999999,2025-09,large
3607823,(2012 QL14),2025-09-19,24.48,0.0337718597,0.0755161741,False,45624.2199087373,30160436.264641978,78.4263152072,Earth,0.054644016899999995,2025-09,medium
3727041,(2015 RQ35),2025-09-19,24.3,0.0366906138,0.0820427065,False,55921.3212914248,66354229.47019831,172.5411950311,Earth,0.05936666015,2025-09,medium
3788124,(2017 UD8),2025-09-19,24.05,0.0411675457,0.0920534307,False,47429.7062280966,66822592.42636662,173.7590812881,Earth,0.0666104882,2025-09,medium
2385605,385605 (2005 EJ225),2025-09-21,18.97,0.4271249851,0.9550805015,True,78867.2331559361,27119893.35105081,70.5199780823,Earth,0.6911027433,2025-09,large
3454734,(2009 FX4),2025-09-21,25.4,0.022108281,0.0494356193,False,25037.1978835906,66602225.36911039,173.1860598589,Earth,0.035771950149999995,2025-09,small
3772995,(2017 FX101),2025-09-21,25.38,0.0223128464,0.0498930414,False,41947.4438828964,52160533.77581958,135.633265626,Earth,0.0361029439,2025-09,small
3835873,(2018 VE),2025-09-21,28.2,0.0060891262,0.0136157002,False,33415.9851802907,37175528.28496476,96.6676898732,Earth,0.0098524132,2025-09,small
3838859,(2019 DJ1),2025-09-21,26.8,0.0116025908,0.0259441818,False,30738.7822616074,22825861.671806578,59.3541886013,Earth,0.0187733863,2025-09,small
3869331,(2019 SB6),2025-09-21,26.78,0.0117099483,0.0261842403,False,19826.6014065396,25833246.337190542,67.1743041874,Earth,0.0189470943,2025-09,small
3714456,(2015 FU117),2025-09-20,24.43,0.0345585074,0.0772751717,False,23794.671811191,13000368.75933126,33.804916122,Earth,0.05591683955,2025-09,medium
3761549,(2016 UJ31),2025-09-20,19.47,0.3392774354,0.7586474087,True,64281.294662279,22635713.10005439,58.859744433,Earth,0.54896242205,2025-09,large
3766591,(2017 BU),2025-09-20,25.21,0.0241298697,0.0539560289,False,82545.2054148596,74631302.0745462,194.0641033659,Earth,0.039042949300000004,2025-09,small
3799312,(2018 CW2),2025-09-20,25.66,0.0196134944,0.0438571068,False,58917.4580226125,73271967.46026438,190.5294195836,Earth,0.0317353006,2025-09,small
3835876,(2018 VB),2025-09-20,26.0,0.0167708462,0.0375007522,False,24306.1506395174,50165412.25318026,130.4453423467,Earth,0.0271357992,2025-09,small
3985572,(2020 AW2),2025-09-20,23.33,0.0573528464,0.1282448632,False,25689.5171044425,73499456.87211132,191.1209613028,Earth,0.0927988548,2025-09,medium
2869984,869984 (2016 UJ31),2025-09-20,19.44,0.3439972547,0.7692012455,True,64281.292646126,22635713.638606723,58.8597458334,Earth,0.5565992501,2025-09,large
2350523,350523 (2000 EA14),2025-09-25,21.2,0.1529519353,0.3420109247,True,15939.8100999723,10550793.935355593,27.4352759224,Earth,0.24748143,2025-09,large
3295789,(2005 UQ),2025-09-25,24.14,0.0394961694,0.0883161196,False,29822.8086497574,10975238.726758229,28.5389615822,Earth,0.06390614450000001,2025-09,medium
3559599,(2011 EO40),2025-09-25,21.87,0.1123453177,0.2512117673,True,43801.0232480104,11555616.588679194,30.0481206918,Earth,0.1817785425,2025-09,medium
3655971,(2014 AN51),2025-09-25,20.46,0.21505769,0.4808836139,False,64721.9389641995,55771505.60482651,145.0228915711,Earth,0.34797065195,2025-09,large
3736807,(2015 YA),2025-09-25,27.4,0.0088014652,0.0196806745,False,33955.1199848699,41132945.24914674,106.9581786286,Earth,0.01424106985,2025-09,small
3748492,(2016 FW13),2025-09-25,29.5,0.0033462237,0.0074823838,False,23279.1656688963,61322417.044482246,159.4569510268,Earth,0.00541430375,2025-09,small
3893213,(2019 VS5),2025-09-25,23.21,0.0606114923,0.1355314169,False,95374.5769257037,72295149.94707882,187.9893967034,Earth,0.0980714546,2025-09,medium
3388408,(2007 TE71),2025-09-24,24.3,0.0366906138,0.0820427065,False,38180.0337632867,33294953.014697623,86.5770129128,Earth,0.05936666015,2025-09,medium
3581669,(2011 TX8),2025-09-24,22.0,0.1058168859,0.2366137501,True,136354.7131427185,73006767.85118167,189.8398198725,Earth,0.171215318,2025-09,medium
3791345,(2017 XV60),2025-09-24,25.8,0.0183888672,0.0411187571,False,55420.7674167605,55099221.33404468,143.2747478219,Earth,0.02975381215,2025-09,small
3836092,(2018 VO3),2025-09-24,27.1,0.0101054342,0.0225964377,False,23163.3022108243,47358109.74235244,123.145501268,Earth,0.01635093595,2025-09,small
2152664,152664 (1998 FW4),2025-09-29,19.7,0.3051792326,0.6824015094,True,66983.14758793,3852719.578401226,10.0182436822,Earth,0.493790371,2025-09,large
3388395,(2007 TR68),2025-09-28,25.9,0.0175612318,0.0392681082,False,25620.392354609,17557806.18967946,45.6556407373,Earth,0.02841467,2025-09,small
3557843,(2011 DV),2025-09-28,20.79,0.1847374636,0.4130855266,True,22000.6320356334,22164401.0911552,57.6341897412,Earth,0.2989114951,2025-09,large
3648537,(2013 ST19),2025-09-28,22.64,0.0788052183,0.1762138252,False,43091.0582480071,18915641.982901737,49.1864271286,Earth,0.12750952175,2025-09,medium
3767014,(2017 BB7),2025-09-28,28.1,0.0063760979,0.0142573883,False,36111.3817064875,20337921.98039644,52.884788068,Earth,0.0103167431,2025-09,small
3840718,(2019 FY1),2025-09-28,28.2,0.0060891262,0.0136157002,False,14276.6252019004,29419143.63337295,76.4987287144,Earth,0.0098524132,2025-09,small
3869336,(2019 SF6),2025-09-28,26.28,0.0147419515,0.0329640056,False,30398.468553522,7655215.561494572,19.9058907284,Earth,0.02385297855,2025-09,small
3137735,(2002 TX59),2025-09-27,23.9,0.04411182,0.0986370281,False,48429.740108646,49723079.5059094,129.2951425565,Earth,0.07137442405,2025-09,medium
3137864,(2002 TS69),2025-09-27,24.4,0.0350392641,0.0783501764,False,34926.3387965988,40253357.25591068,104.6709820972,Earth,0.05669472025,2025-09,medium
3449749,(2009 DO111),2025-09-27,22.84,0.0718712133,0.1607089186,False,19702.7600048448,18849710.1026111,49.01498417,Earth,0.11629006595,2025-09,medium
3465534,(2009 PC),2025-09-27,23.16,0.0620233153,0.1386883492,False,32530.9824003092,52643192.16980701,136.8883243729,Earth,0.10035583225,2025-09,medium
3752783,(2016 JS5),2025-09-27,30.7,0.0019255508,0.0043056624,False,71607.4275572024,20866923.146627568,54.2603521296,Earth,0.0031156066,2025-09,small
2358471,358471 (2007 NS4),2025-09-26,19.21,0.3824326621,0.8551454293,True,44265.2245879306,18694563.94680854,48.611556938,Earth,0.6187890457,2025-09,large
3547175,(2010 SX11),2025-09-26,24.8,0.0291443905,0.0651688382,False,50102.8719484637,37089734.78914719,96.4446006683,Earth,0.04715661435,2025-09,small
3727181,(2015 RO36),2025-09-26,22.93,0.0689532874,0.154184238,False,96951.0927298676,55472210.09800701,144.244632147,Earth,0.11156876269999999,2025-09,medium
3771018,(2017 EZ2),2025-09-26,25.1,0.0253837029,0.0567596853,False,37362.030406416,38921735.467528924,101.2083600981,Earth,0.0410716941,2025-09,small
3780766,(2017 QF2),2025-09-26,24.9,0.0278326768,0.0622357573,False,30805.3362555825,25580026.97433104,66.5158567633,Earth,0.04503421705,2025-09,small
3825281,(2018 MH),2025-09-26,23.92,0.0437074004,0.0977327184,False,20027.1169234734,74716042.11712301,194.2844532717,Earth,0.07072005940000001,2025-09,medium
3830881,(2018 SE2),2025-09-26,24.7,0.0305179233,0.0682401509,False,45665.400743114,11264075.278014123,29.2900245381,Earth,0.0493790371,2025-09,small
54554706,(2025 US6),2025-09-26,31.008,0.0016709174,0.0037362848,False,6730.5515331793,160725.797318672,0.4179359984,Earth,0.0027036011,2025-09,small
3789115,(2017 VV1),2025-09-30,20.05,0.2597496533,0.580817882,False,77432.2116086812,29446017.94825187,76.5686101137,Earth,0.42028376765,2025-09,large
3840725,(2019 FL1),2025-09-30,26.9,0.0110803882,0.0247765013,False,95583.3320744374,71678586.12565972,186.386143084,Earth,0.01792844475,2025-09,small
3879550,(2019 US5),2025-09-30,21.75,0.1187284988,0.2654849942,False,78601.1110259468,21804513.794491936,56.6983732192,Earth,0.19210674649999998,2025-09,medium
54554712,(2025 UZ6),2025-09-30,21.73,0.1198270801,0.2679414966,False,78637.2751197148,21806924.35472997,56.7046414096,Earth,0.19388428835,2025-09,medium
3427459,(2008 SS),2025-10-03,22.11,0.100590039,0.2249261651,False,52300.2946120308,17860588.568532284,46.4429670901,Earth,0.16275810205,2025-10,medium
3716631,(2015 HN9),2025-10-03,22.16,0.0983003302,0.2198062205,False,27750.3597770977,12307687.73152193,32.0037345957,Earth,0.15905327535,2025-10,medium
3720000,(2015 KT120),2025-10-03,25.1,0.0253837029,0.0567596853,False,41649.1343134956,39827549.38855575,103.563752025,Earth,0.0410716941,2025-10,small
3781988,(2017 SJ20),2025-10-02,22.34,0.0904804968,0.2023205415,False,94051.4886152982,56731410.19618115,147.5189357062,Earth,0.14640051915000002,2025-10,medium
3782063,(2017 TG1),2025-10-02,22.9,0.0699125232,0.1563291544,False,54279.772165174,44783877.40687169,116.4517135924,Earth,0.11312083880000001,2025-10,medium
3873325,(2019 TA1),2025-10-02,26.1,0.0160160338,0.0358129403,False,42182.4509997833,30330976.953814544,78.8697729121,Earth,0.025914487049999997,2025-10,small
3879167,(2019 TA7),2025-10-02,26.3,0.0146067964,0.0326617897,False,95300.6811448604,72154359.39735869,187.6232984171,Earth,0.023634293049999998,2025-10,small
3879143,(2019 TR6),2025-10-02,25.3,0.0231502122,0.0517654482,False,35723.6425784832,6912687.461256366,17.9750916402,Earth,0.0374578302,2025-10,small
2247517,247517 (2002 QY6),2025-10-05,19.59,0.3210369174,0.7178603705,False,65855.9227967932,20515574.14839456,53.3467377826,Earth,0.51944864395,2025-10,large
2319988,319988 (2007 DK),2025-10-05,19.47,0.3392774354,0.7586474087,False,51416.0998548379,19650681.61768199,51.0977539271,Earth,0.54896242205,2025-10,large
3092506,(2001 WJ4),2025-10-05,27.4,0.0088014652,0.0196806745,False,65818.8158211446,74084958.19180362,192.6434429622,Earth,0.01424106985,2025-10,small
3746623,(2016 EF156),2025-10-05,24.7,0.0305179233,0.0682401509,False,64048.8725979026,51388712.782018594,133.6262960977,Earth,0.0493790371,2025-10,small
3830865,(2018 SP1),2025-10-05,23.2,0.0608912622,0.1361570015,False,58973.7169861002,5041878.896307943,13.1104198921,Earth,0.09852413185,2025-10,medium
3428698,(2008 TD),2025-10-04,25.4,0.022108281,0.0494356193,False,50892.9445076648,24268337.351831708,63.1050644629,Earth,0.035771950149999995,2025-10,small
3667048,(2014 GQ17),2025-10-04,27.1,0.0101054342,0.0225964377,False,35772.6454614778,49002315.99586324,127.420938028,Earth,0.01635093595,2025-10,small
3799876,(2018 ES3),2025-10-04,24.64,0.0313729225,0.0701519874,False,42469.4688588529,40987360.83568246,106.5796148373,Earth,0.05076245495,2025-10,medium
3878561,(2019 TS1),2025-10-04,24.26,0.0373727432,0.0835679943,False,47305.7747107182,20399348.10748076,53.0445146967,Earth,0.06047036875,2025-10,medium
3879165,(2019 TY6),2025-10-04,25.04,0.0260948603,0.0583498816,False,54759.2880444692,18340416.85505526,47.6906666961,Earth,0.042222370950000004,2025-10,small
3991587,(2020 CR2),2025-10-04,27.32,0.0091317703,0.020419259,False,78104.736076315,27751317.357208066,72.1618727055,Earth,0.014775514649999998,2025-10,small
3346460,(2006 SS134),2025-10-01,21.5,0.1332155667,0.2978790628,True,68275.0873882861,12154744.524033418,31.6060356999,Earth,0.21554731475,2025-10,large
3471356,(2009 TJ4),2025-10-01,26.1,0.0160160338,0.0358129403,False,59020.0288999546,65592452.17819338,170.5603421848,Earth,0.025914487049999997,2025-10,small
3730802,(2015 TT238),2025-10-01,24.62,0.0316632126,0.0708010957,False,25794.796895761,13734664.249426777,35.7143079178,Earth,0.05123215415,2025-10,medium
3856710,(2019 SG4),2025-10-01,24.84,0.0286124454,0.0639793729,False,48384.5991023178,8333127.49470879,21.668668113,Earth,0.046295909149999995,2025-10,small
3994621,(2020 DT2),2025-10-01,27.6,0.0080270317,0.0179489885,False,30210.5634982051,20014314.85996984,52.043311048,Earth,0.012988010099999999,2025-10,small
3559911,(2011 ET74),2025-10-07,26.2,0.0152951935,0.0342010925,False,65085.1544318972,65301756.58916678,169.8044451648,Earth,0.024748143,2025-10,small
3611402,(2012 TR231),2025-10-07,23.9,0.04411182,0.0986370281,False,66178.3342064519,47911936.97430581,124.5856206576,Earth,0.07137442405,2025-10,medium
3781897,(2017 SL16),2025-10-07,25.92,0.0174002295,0.038908096,False,18004.8342952887,21187666.67958641,55.0943829505,Earth,0.028154162750000003,2025-10,small
3819574,(2018 HG2),2025-10-07,24.26,0.0373727432,0.0835679943,False,82819.1370161603,64466387.18313893,167.6322304204,Earth,0.06047036875,2025-10,medium
3831210,(2018 TX1),2025-10-07,24.34,0.0360209346,0.0805452583,False,39267.6735920746,17436797.69933899,45.3409818271,Earth,0.05828309645,2025-10,medium
2477719,477719 (2010 SG15),2025-10-06,25.26,0.0235806068,0.0527278398,False,18580.8658751959,14627341.577574652,38.0355407044,Earth,0.0381542233,2025-10,small
3255174,(2004 SW26),2025-10-06,25.66,0.0196134944,0.0438571068,False,76445.5741849937,58913122.35955108,153.1920514501,Earth,0.0317353006,2025-10,small
3648864,(2013 TT5),2025-10-06,26.3,0.0146067964,0.0326617897,False,29093.231746806,26175195.62253827,68.0634764196,Earth,0.023634293049999998,2025-10,small
3781891,(2017 ST16),2025-10-06,24.2,0.0384197891,0.0859092601,False,35354.0004324654,39292473.36697945,102.1723914903,Earth,0.06216452459999999,2025-10,medium
3785751,(2017 TS3),2025-10-06,22.17,0.0978486812,0.2187963027,False,60726.0511165925,37278274.19645093,96.9348605192,Earth,0.15832249195,2025-10,medium
3838904,(2019 ED1),2025-10-06,27.63,0.0079168967,0.0177027191,False,49870.0604466328,57668727.169702135,149.9562451592,Earth,0.012809807900000001,2025-10,small
54211501,(2021 UO),2025-10-06,20.49,0.2121069879,0.4742856434,False,76715.616151562,25103000.01264232,65.2754414546,Earth,0.34319631565,2025-10,large
2886858,886858 (2021 UO),2025-10-06,20.49,0.2121069879,0.4742856434,False,76715.6160994002,25103000.01264232,65.2754414546,Earth,0.34319631565,2025-10,large
3736412,(2015 XX169),2025-10-14,27.4,0.0088014652,0.0196806745,False,18997.4516629329,32981077.90890494,85.7608420933,Earth,0.01424106985,2025-10,small
3430307,(2008 TA4),2025-10-13,25.1,0.0253837029,0.0567596853,False,29322.1160717939,11973437.560392903,31.1345824041,Earth,0.0410716941,2025-10,small
3655550,(2013 YC38),2025-10-13,22.6,0.0802703167,0.1794898848,False,5751.0238346923,70511443.32075813,183.3512165098,Earth,0.12988010075,2025-10,medium
3694787,(2014 US115),2025-10-13,24.6,0.0319561887,0.0714562102,False,24166.9477284718,38192014.90469481,99.3108645058,Earth,0.05170619945,2025-10,medium
3781983,(2017 SA20),2025-10-13,28.36,0.0056565936,0.0126485278,False,61482.0718473458,56353918.14737735,146.5373414697,Earth,0.0091525607,2025-10,small
3799834,(2018 EW1),2025-10-13,26.3,0.0146067964,0.0326617897,False,35373.1940231642,12781156.328355258,33.2348970726,Earth,0.023634293049999998,2025-10,small
3693271,(2014 TT57),2025-10-10,21.8,0.1160259082,0.2594418179,False,60213.7028517793,70260036.02193816,182.6974810038,Earth,0.18773386305,2025-10,medium
3831218,(2018 TD2),2025-10-10,26.5,0.0133215567,0.0297879063,False,59317.8963024827,23883806.214611653,62.1051664538,Earth,0.0215547315,2025-10,small
2504181,504181 (2006 TC),2025-10-12,18.81,0.4597851883,1.028110936,False,186135.8852853914,74718468.89377016,194.2907636297,Earth,0.74394806215,2025-10,large
2497232,497232 (2005 EF),2025-10-12,20.74,0.1890405519,0.4227075246,False,33044.6337337312,66532318.0451028,173.0042795365,Earth,0.30587403825,2025-10,large
54554706,(2025 US6),2025-10-12,31.008,0.0016709174,0.0037362848,False,6919.5262797392,154424.091763431,0.4015496457,Earth,0.0027036011,2025-10,small
3370286,(2007 EV),2025-10-11,25.0,0.02658,0.0594346868,False,83807.4956974142,65573368.920384064,170.5107199055,Earth,0.043007343399999995,2025-10,small
3789621,(2017 WK13),2025-10-11,19.57,0.3240074354,0.7245026508,False,104668.5758759158,21975891.738063533,57.1440080404,Earth,0.5242550430999999,2025-10,large
3879228,(2019 UL),2025-10-11,29.1,0.0040230458,0.0089958039,False,68015.1421008216,68455871.54281986,178.0061041655,Earth,0.00650942485,2025-10,small
3989280,(2020 BQ12),2025-10-11,24.5,0.0334622374,0.0748238376,False,28746.4838411349,21662180.3222602,56.3282628647,Earth,0.0541430375,2025-10,medium
2884829,884829 (2017 WK13),2025-10-11,19.56,0.3255029858,0.727846803,False,104668.5758804672,21975891.738063533,57.1440080404,Earth,0.5266748944,2025-10,large
3612164,(2012 TA259),2025-10-09,20.36,0.2251930467,0.5035469604,False,131171.8631870657,70170345.77088325,182.4642590491,Earth,0.36437000355000004,2025-10,large
3789121,(2017 VW1),2025-10-09,20.59,0.2025606009,0.4529392731,False,63012.8282158883,29656422.849510983,77.1157269048,Earth,0.327749937,2025-10,large
3831876,(2018 UC),2025-10-09,25.9,0.0175612318,0.0392681082,False,89149.7355639358,73660759.01018396,191.5403959626,Earth,0.02841467,2025-10,small
2884785,884785 (2017 VW1),2025-10-09,20.6,0.2016299194,0.4508582062,False,63012.8282181584,29656422.849510983,77.1157269048,Earth,0.3262440628,2025-10,large
3785769,(2017 TJ4),2025-10-08,25.2,0.0242412481,0.0542050786,False,65899.0391140818,47262643.87657173,122.8972609569,Earth,0.03922316335,2025-10,small
2461397,461397 (2001 SD170),2025-10-16,18.21,0.6061149227,1.3553141694,False,55746.0985626025,20298222.5503637,52.7815574653,Earth,0.98071454605,2025-10,large
3387793,(2007 TS19),2025-10-16,20.71,0.191670368,0.428587972,True,40753.5246311317,51433934.30326685,133.7438858185,Earth,0.31012917,2025-10,large
3410533,(2008 JL24),2025-10-16,29.6,0.0031956189,0.007145621,False,8967.3468400426,16032152.582995843,41.6884769468,Earth,0.00517061995,2025-10,small
3655761,(2014 AE29),2025-10-16,27.4,0.0088014652,0.0196806745,False,56461.0955608548,55834766.05611341,145.1873880011,Earth,0.01424106985,2025-10,small
3759293,(2016 RJ20),2025-10-16,23.65,0.0494942761,0.1106725658,False,45259.9668714956,62352957.217235416,162.1366691752,Earth,0.08008342095,2025-10,medium
3837954,(2019 BB1),2025-10-16,21.78,0.1170994827,0.2618424035,False,32211.2499375669,19869079.86225052,51.665655844,Earth,0.18947094309999998,2025-10,medium
3625730,(2013 CY),2025-10-15,28.19,0.0061172324,0.0136785474,False,45094.7870906393,49793994.43141059,129.4795429495,Earth,0.0098978899,2025-10,small
3752106,(2016 HL),2025-10-15,19.8,0.2914439045,0.6516883822,True,110208.2042013106,69440668.23239656,180.5668753332,Earth,0.47156614335,2025-10,large
3774682,(2017 KK3),2025-10-15,23.5,0.0530340723,0.1185877909,False,66458.5506357304,35352858.54932747,91.9281937349,Earth,0.0858109316,2025-10,medium
3792461,(2017 YE),2025-10-15,28.6,0.0050647146,0.0113250461,False,16502.0254272648,57301608.05768669,149.0016237159,Earth,0.00819488035,2025-10,small
3838930,(2019 EA2),2025-10-15,25.8,0.0183888672,0.0411187571,False,33116.286832249,44777778.33163136,116.4358541402,Earth,0.02975381215,2025-10,small
3841762,(2019 JZ2),2025-10-15,26.85,0.0113384836,0.0253536201,False,74619.041727285,13908692.9176569,36.16683543,Earth,0.01834605185,2025-10,small
3388312,(2007 TR24),2025-10-21,20.54,0.2072788434,0.4634895841,True,88765.5129464567,28618198.761682708,74.4160282382,Earth,0.33538421375,2025-10,large
3426655,(2008 RE1),2025-10-21,23.0,0.0667659413,0.1492931834,False,47245.6117150844,42713594.742869526,111.0683484663,Earth,0.10802956235,2025-10,medium
3704149,(2015 BB4),2025-10-21,23.82,0.0457672667,0.1023387195,False,22333.8387166176,68940328.0882449,179.2658386535,Earth,0.07405299309999999,2025-10,medium
3735998,(2015 XQ55),2025-10-21,21.78,0.1170994827,0.2618424035,False,54559.1707054265,16675555.833070582,43.3615212507,Earth,0.18947094309999998,2025-10,medium
3786450,(2017 TL6),2025-10-21,25.9,0.0175612318,0.0392681082,False,35034.1332477643,13401894.31930182,34.8490048034,Earth,0.02841467,2025-10,small
54602326,(2025 OJ334),2025-10-21,22.725,0.0757800656,0.1694493779,False,21331.0767682998,20092480.584792912,52.2465657264,Earth,0.12261472175,2025-10,medium
2876174,876174 (2007 TR24),2025-10-21,20.54,0.2072788434,0.4634895841,True,88765.5129469535,28618198.761682708,74.4160282382,Earth,0.33538421375,2025-10,large
3718762,(2015 HQ171),2025-10-20,26.8,0.0116025908,0.0259441818,False,70277.4842055484,57796387.27501577,150.2882002931,Earth,0.0187733863,2025-10,small
3797755,(2018 BR1),2025-10-20,29.5,0.0033462237,0.0074823838,False,41663.056192088,26595381.078346048,69.1560865103,Earth,0.00541430375,2025-10,small
3836114,(2018 VV4),2025-10-20,26.6,0.0127219879,0.0284472297,False,76204.0534055875,62138736.7624628,161.5796307835,Earth,0.0205846088,2025-10,small
3837541,(2019 AD),2025-10-20,27.4,0.0088014652,0.0196806745,False,17520.4113606022,42517233.62589262,110.5577497893,Earth,0.01424106985,2025-10,small
3873146,(2019 SB9),2025-10-20,28.1,0.0063760979,0.0142573883,False,84548.944546259,73013416.78835297,189.8571091331,Earth,0.0103167431,2025-10,small
3878603,(2019 TC4),2025-10-20,23.41,0.0552783379,0.1236061213,False,62651.8755287478,71088842.37493187,184.8526298125,Earth,0.0894422296,2025-10,medium
3840842,(2019 GK3),2025-10-18,29.5,0.0033462237,0.0074823838,False,12230.8768480536,26824349.42969559,69.7514739224,Earth,0.00541430375,2025-10,small
3879241,(2019 UV),2025-10-18,26.1,0.0160160338,0.0358129403,False,41997.5982184882,23114513.35001473,60.104770831,Earth,0.025914487049999997,2025-10,small
3888748,(2019 UG12),2025-10-18,26.4,0.0139493823,0.0311917671,False,58347.7389081583,21299753.392316677,55.3858425231,Earth,0.0225705747,2025-10,small
3548080,(2010 TJ7),2025-10-17,19.66,0.3108529381,0.6950883007,False,44333.1789251015,44448459.81884454,115.5795257615,Earth,0.5029706194,2025-10,large
3694529,(2014 UN114),2025-10-17,24.5,0.0334622374,0.0748238376,False,44086.1456526412,37725765.43731429,98.098473963,Earth,0.0541430375,2025-10,medium
3799826,(2018 ER1),2025-10-17,25.72,0.0190789723,0.0426618789,False,36537.6894324649,31867610.460724466,82.8654877855,Earth,0.0308704256,2025-10,small
54553576,(2025 UB1),2025-10-17,28.818,0.0045809439,0.010243302,False,25834.6570663437,1263850.108606494,3.2863950018,Earth,0.00741212295,2025-10,small
3092305,(2001 ND13),2025-10-19,21.66,0.1237527837,0.2767196367,False,35525.899492591,22677275.81643734,58.9678201474,Earth,0.2002362102,2025-10,large
3557536,(2011 CL50),2025-10-19,27.3,0.0092162655,0.0206081961,False,11142.879626769,25176791.181591064,65.4673209561,Earth,0.014912230799999999,2025-10,small
3645236,(2013 PV2),2025-10-19,20.09,0.2550086879,0.5702167609,False,37746.6493746571,29818105.29528873,77.5361504804,Earth,0.41261272439999996,2025-10,large
3708945,(2015 BM510),2025-10-19,25.04,0.0260948603,0.0583498816,False,22258.7317366534,12114464.669224864,31.5012958161,Earth,0.042222370950000004,2025-10,small
3728897,(2015 TB),2025-10-19,27.4,0.0088014652,0.0196806745,False,36447.4775727335,37988300.39417677,98.7811447672,Earth,0.01424106985,2025-10,small
54102519,(2020 YN4),2025-10-19,26.99,0.0106305314,0.023770591,False,11189.1805059972,25213483.529879145,65.5627322309,Earth,0.0172005612,2025-10,small
2859506,859506 (2013 PV2),2025-10-19,20.12,0.2515098375,0.5623930936,False,37746.6505829629,29818106.08815744,77.5361525421,Earth,0.40695146555,2025-10,large
3471585,(2009 UC),2025-10-25,26.6,0.0127219879,0.0284472297,False,80826.4778741572,73240137.56634384,190.4466521703,Earth,0.0205846088,2025-10,small
3611399,(2012 TP231),2025-10-25,24.93,0.0274507982,0.0613818507,False,24029.3394366827,5824214.316562734,15.1447301298,Earth,0.04441632445,2025-10,small
3616699,(2012 VP6),2025-10-25,24.32,0.0363542322,0.0812905344,False,16121.1073381813,17619820.356071174,45.8168964472,Earth,0.0588223833,2025-10,medium
3761739,(2016 UZ40),2025-10-25,23.4,0.0555334912,0.1241766613,False,101059.8635381695,31274486.15716951,81.3231840476,Earth,0.08985507625,2025-10,medium
3785790,(2017 TG5),2025-10-25,25.1,0.0253837029,0.0567596853,False,64268.1017759545,31022400.207612272,80.6676838431,Earth,0.0410716941,2025-10,small
3803910,(2018 HP),2025-10-25,26.27,0.0148099972,0.0331161605,False,71129.4242782277,74144094.45421143,192.7972152457,Earth,0.02396307885,2025-10,small
3831731,(2018 TV4),2025-10-25,22.6,0.0802703167,0.1794898848,False,65643.3716444658,26700348.817397468,69.4290345843,Earth,0.12988010075,2025-10,medium
3841509,(2019 HE),2025-10-25,26.7,0.0121494041,0.0271668934,False,61300.3926116423,41511907.35133966,107.9435954514,Earth,0.01965814875,2025-10,small
3843427,(2019 OV3),2025-10-25,24.26,0.0373727432,0.0835679943,False,33898.5110357769,48003290.6489566,124.82316802,Earth,0.06047036875,2025-10,medium
2099907,99907 (1989 VA),2025-10-24,17.96,0.6800721287,1.5206875095,False,71377.3112268251,27622615.557046257,71.8272088479,Earth,1.1003798191,2025-10,large
3541504,(2010 OF101),2025-10-24,19.73,0.3009920165,0.6730386097,False,49554.5507346096,15867868.734977303,41.2612889335,Earth,0.4870153131,2025-10,large
3762462,(2016 TH94),2025-10-24,24.58,0.0322518756,0.0721173863,False,47074.5233756921,12209951.70310418,31.7495911707,Earth,0.052184630950000005,2025-10,medium
3774066,(2017 HU2),2025-10-24,25.93,0.0173202827,0.0387293295,False,30718.9766670541,40011761.81210783,104.042760401,Earth,0.0280248061,2025-10,small
3785785,(2017 TW4),2025-10-24,25.01,0.026457876,0.0591616093,False,22075.2641048088,11919859.068292616,30.9952620152,Earth,0.04280974265,2025-10,small
3789602,(2017 WS12),2025-10-24,23.2,0.0608912622,0.1361570015,False,61668.5344456007,71708815.45700935,186.4647485474,Earth,0.09852413185,2025-10,medium
2434196,434196 (2003 HG2),2025-10-27,21.54,0.1307841086,0.2924421572,True,39356.8651660349,6677060.82286865,17.362390655,Earth,0.2116131329,2025-10,large
3672459,(2014 KG39),2025-10-27,25.0,0.02658,0.0594346868,False,56322.3583264597,61811572.69836058,160.7289046272,Earth,0.043007343399999995,2025-10,small
3799712,(2018 DT),2025-10-27,27.1,0.0101054342,0.0225964377,False,20812.8152665915,52881020.49988666,137.5067504267,Earth,0.01635093595,2025-10,small
3986735,(2020 BS),2025-10-27,27.9,0.0069912523,0.0156329154,False,44116.8270697897,40238256.42803884,104.631715348,Earth,0.01131208385,2025-10,small
2162142,162142 (1998 VR),2025-10-26,18.78,0.4661814374,1.0424133839,False,44470.8196666826,29772688.44410161,77.4180528423,Earth,0.75429741065,2025-10,large
3457386,(2009 HC),2025-10-26,24.65,0.031228777,0.0698296682,False,15147.1419246641,3276506.625899567,8.5199146049,Earth,0.0505292226,2025-10,medium
2144900,144900 (2004 VG64),2025-10-23,18.27,0.5895966084,1.3183780956,True,102513.4614159379,12783978.566971743,33.2422357521,Earth,0.953987352,2025-10,large
3691090,(2014 SP260),2025-10-23,23.4,0.0555334912,0.1241766613,False,19742.213418992,37048861.19535239,96.3383168824,Earth,0.08985507625,2025-10,medium
3720002,(2015 KW120),2025-10-23,26.0,0.0167708462,0.0375007522,False,67436.4433948207,30534207.649861213,79.3982345858,Earth,0.0271357992,2025-10,small
3750672,(2016 GE135),2025-10-23,23.02,0.0661538275,0.1479244553,False,59106.2394898109,42770501.35374349,111.2163229771,Earth,0.10703914140000001,2025-10,medium
3802033,(2018 FZ2),2025-10-23,24.3,0.0366906138,0.0820427065,False,34957.6941699798,39005519.11596304,101.426223088,Earth,0.05936666015,2025-10,medium
3825235,(2018 LQ5),2025-10-23,24.9,0.0278326768,0.0622357573,False,24706.9347211357,63502914.59282608,165.1269084019,Earth,0.04503421705,2025-10,small
3826773,(2018 PN21),2025-10-22,23.8,0.046190746,0.1032856481,False,63390.166819128,69625153.34294607,181.0465927784,Earth,0.07473819705,2025-10,medium
3838892,(2019 ER),2025-10-22,27.1,0.0101054342,0.0225964377,False,32147.4860518897,42832638.220308185,111.3778977448,Earth,0.01635093595,2025-10,small
3841761,(2019 JY2),2025-10-22,29.6,0.0031956189,0.007145621,False,70520.469819322,59262852.26003708,154.1014556501,Earth,0.00517061995,2025-10,small
3373917,(2007 GS4),2025-10-28,21.25,0.1494703242,0.3342258056,False,50567.8850789328,17478113.60915602,45.4484157693,Earth,0.2418480649,2025-10,large
3766337,(2017 AP4),2025-10-28,27.0,0.0105816886,0.023661375,False,49084.9650912262,26829276.6001017,69.7642860653,Earth,0.0171215318,2025-10,small
54554706,(2025 US6),2025-10-28,31.008,0.0016709174,0.0037362848,False,7021.9354167967,151088.537975615,0.3928761905,Earth,0.0027036011,2025-10,small
3763925,(2016 VH6),2025-11-04,26.2,0.0152951935,0.0342010925,False,46954.1143845562,11938668.158085588,31.0441713742,Earth,0.024748143,2025-11,small
3782066,(2017 TH1),2025-11-04,25.45,0.0216050351,0.0483103272,False,38774.5818369941,19303860.16906496,50.1959125873,Earth,0.03495768115,2025-11,small
3117427,(2002 EM7),2025-11-03,24.4,0.0350392641,0.0783501764,False,55398.0235147639,60678936.87118276,157.7837066991,Earth,0.05669472025,2025-11,medium
3274489,(2005 EZ223),2025-11-03,23.29,0.0584191154,0.1306291133,False,46357.9057105078,5978117.792778778,15.5449260166,Earth,0.09452411435,2025-11,medium
3749034,(2016 GN2),2025-11-03,25.0,0.02658,0.0594346868,False,26699.9945060488,25167418.77031705,65.4429498338,Earth,0.043007343399999995,2025-11,small
2164294,164294 (2004 XZ130),2025-10-31,20.45,0.2160503512,0.4831032718,False,24989.994911284,14358910.355304198,37.3375378153,Earth,0.3495768115,2025-10,large
3692560,(2014 TU),2025-10-31,25.09,0.0255008688,0.0570216761,False,21886.3263873747,39448542.76603671,102.5782194358,Earth,0.04126127245,2025-10,small
3761747,(2016 UO41),2025-10-31,24.4,0.0350392641,0.0783501764,False,101329.0376365361,69677566.8865131,181.1828839465,Earth,0.05669472025,2025-10,medium
54214728,(2021 UN7),2025-10-31,23.36,0.0565659358,0.1264852778,False,54050.6104333214,15027942.18887479,39.0772242377,Earth,0.09152560679999999,2025-10,medium
2886859,886859 (2021 UN7),2025-10-31,23.37,0.056306039,0.1259041307,False,54050.6103623345,15027942.18887479,39.0772242377,Earth,0.09110508485,2025-10,medium
2469219,469219 Kamo`oalewa (2016 HO3),2025-11-02,24.31,0.0365220357,0.0816657545,False,16608.4929973425,17924028.971097007,46.6079314482,Earth,0.0590938951,2025-11,medium
3742875,(2016 CD137),2025-11-02,26.1,0.0160160338,0.0358129403,False,26561.9076781347,52682639.99118219,136.9909007165,Earth,0.025914487049999997,2025-11,small
3752704,(2016 JG),2025-11-02,24.4,0.0350392641,0.0783501764,False,35535.135432627,57308331.94339087,149.0191078655,Earth,0.05669472025,2025-11,medium
3609843,(2012 TP20),2025-11-01,27.8,0.0073207399,0.016369672,False,73736.7729320362,65667222.92895468,170.7547688972,Earth,0.01184520595,2025-11,small
3789618,(2017 WZ12),2025-11-01,26.9,0.0110803882,0.0247765013,False,40989.4995672922,30419539.775481977,79.1000632072,Earth,0.01792844475,2025-11,small
3892683,(2019 VY2),2025-11-01,24.3,0.0366906138,0.0820427065,False,51104.1833587418,16119963.346251214,41.9168116611,Earth,0.05936666015,2025-11,medium
3164410,(2003 UG22),2025-10-30,21.2,0.1529519353,0.3420109247,False,90878.926883639,74516130.74349526,193.7646228467,Earth,0.24748143,2025-10,large
3669149,(2014 HH123),2025-10-30,24.4,0.0350392641,0.0783501764,False,61987.435829986,53759812.87181091,139.7918781005,Earth,0.05669472025,2025-10,medium
3733147,(2015 VR1),2025-10-30,20.89,0.1764229081,0.3944936153,False,35513.3025166179,66566545.75352284,173.0932819974,Earth,0.2854582617,2025-10,large
3842752,(2019 LB1),2025-10-30,27.0,0.0105816886,0.023661375,False,33173.9136245652,29325149.00280454,76.2543140627,Earth,0.0171215318,2025-10,small
3599872,(2012 DR32),2025-10-29,24.8,0.0291443905,0.0651688382,False,45644.1959976422,49363422.0514136,128.3599236941,Earth,0.04715661435,2025-10,small
3653322,(2013 UM9),2025-10-29,24.57,0.0324007435,0.0724502651,False,52793.7374029932,40672052.16342114,105.7597163086,Earth,0.052425504299999995,2025-10,medium
3835971,(2018 VM1),2025-10-29,25.5,0.0211132445,0.0472106499,False,54258.8791980758,8792129.10984547,22.8622120337,Earth,0.0341619472,2025-10,small
3883104,(2019 UC8),2025-10-29,26.17,0.0155079709,0.0346768771,False,38960.9789328598,33215252.146452185,86.3697663942,Earth,0.025092424000000002,2025-10,small
2138175,138175 (2000 EE104),2025-11-06,20.49,0.2121069879,0.4742856434,True,22930.8092532969,18284477.78336531,47.5452080817,Earth,0.34319631565,2025-11,large
3401433,(2008 CT1),2025-11-06,27.7,0.0076657557,0.0171411509,False,98910.1478035858,64276072.557751045,167.1373544621,Earth,0.012403453299999999,2025-11,small
3558382,(2011 ED12),2025-11-06,26.8,0.0116025908,0.0259441818,False,22564.5212966516,17899084.738017254,46.5430688491,Earth,0.0187733863,2025-11,small
3703013,(2014 YW14),2025-11-06,27.6,0.0080270317,0.0179489885,False,30583.1248397834,14722375.225189362,38.2826571167,Earth,0.012988010099999999,2025-11,small
3789479,(2017 WQ1),2025-11-06,24.98,0.0268259417,0.0599846292,False,77628.8171054322,57260827.03505386,148.8955806432,Earth,0.04340528545,2025-11,small
3892708,(2019 VZ3),2025-11-06,25.05,0.0259749653,0.0580817882,False,59285.7498092418,66240258.60221498,172.2448360813,Earth,0.04202837675,2025-11,small
3709286,(2002 LX64),2025-11-05,21.2,0.1529519353,0.3420109247,True,100514.4288588572,52635943.33021722,136.8694751834,Earth,0.24748143,2025-11,large
3309832,(2005 YO128),2025-11-05,24.6,0.0319561887,0.0714562102,False,49866.0315173755,48285334.8734828,125.5565688588,Earth,0.05170619945,2025-11,medium
3472370,(2009 UT19),2025-11-05,22.79,0.0735453089,0.1644523102,False,67093.3891764929,10397464.690563545,27.0365732121,Earth,0.11899880955,2025-11,medium
3551067,(2010 VD72),2025-11-05,21.55,0.1301832102,0.2910985075,True,50372.9344760414,27855640.35935936,72.4331442673,Earth,0.21064085885,2025-11,large
3559839,(2011 EL51),2025-11-05,21.9,0.1108038821,0.2477650126,True,74632.8072278351,13254552.160784615,34.4658703399,Earth,0.17928444735,2025-11,medium
3836745,(2018 XJ1),2025-11-05,26.4,0.0139493823,0.0311917671,False,42106.4117609695,29839132.18846424,77.5908268033,Earth,0.0225705747,2025-11,small
3842898,(2019 LK6),2025-11-05,24.03,0.0415484643,0.0929051906,False,79789.6052161088,63839674.9114952,166.0025877412,Earth,0.06722682745,2025-11,medium
2877685,877685 (2010 VD72),2025-11-05,21.55,0.1301832102,0.2910985075,True,50372.9345189822,27855640.35935936,72.4331442673,Earth,0.21064085885,2025-11,large
2348306,348306 (2005 AY28),2025-11-11,21.51,0.1326034968,0.2965104328,True,51668.9755811334,21919423.53870739,56.997173533,Earth,0.2145569648,2025-11,large
3576729,(2011 OB57),2025-11-11,26.0,0.0167708462,0.0375007522,False,16281.2049838257,17201403.491161898,44.7288852312,Earth,0.0271357992,2025-11,small
3617076,(2012 VC26),2025-11-11,28.7,0.0048367649,0.0108153351,False,23183.036499213,5109065.020100448,13.2851242656,Earth,0.007826050000000001,2025-11,small
3791243,(2017 XA1),2025-11-11,21.3,0.1460679643,0.3266178974,True,49158.4101476638,55725994.53690086,144.9045489408,Earth,0.23634293085000002,2025-11,large
3869320,(2019 SE5),2025-11-11,26.66,0.0123752784,0.0276719637,False,37498.3614381866,29093573.17554069,75.6521464195,Earth,0.02002362105,2025-11,small
2138852,138852 (2000 WN10),2025-11-10,20.29,0.2325706875,0.5200438667,False,57900.6375796908,25822597.36241246,67.1466136114,Earth,0.3763072771,2025-11,large
3262691,(2004 WH1),2025-11-10,24.02,0.0417402433,0.0933340215,False,22057.5459368057,10397242.133812344,27.0359944968,Earth,0.0675371324,2025-11,medium
3358222,(2006 VX2),2025-11-10,24.78,0.0294140602,0.0657718381,False,57103.4613056584,33728426.27691135,87.704175345,Earth,0.047592949149999994,2025-11,small
3638502,(2013 JE29),2025-11-10,23.59,0.0508809225,0.1137732014,False,97603.9304847916,70005197.92036653,182.0348243663,Earth,0.08232706195,2025-11,medium
3763956,(2016 WM1),2025-11-10,24.8,0.0291443905,0.0651688382,False,84088.5283521252,43820646.88087229,113.9470210148,Earth,0.04715661435,2025-11,small
3770142,(2017 DS37),2025-11-10,27.3,0.0092162655,0.0206081961,False,42330.4091364154,39227369.16682416,102.003100752,Earth,0.014912230799999999,2025-11,small
3802442,(2018 GE2),2025-11-10,27.04,0.010388551,0.0232295062,False,15105.4651145268,10263146.447809605,26.6873048941,Earth,0.016809028599999998,2025-11,small
3836166,(2018 VL6),2025-11-10,23.01,0.0664591797,0.1486072436,False,65861.7228713023,24687189.396944817,64.1942072799,Earth,0.10753321164999999,2025-11,medium
3873144,(2019 SY8),2025-11-10,25.05,0.0259749653,0.0580817882,False,10921.795100005,57963720.1669815,150.7233167488,Earth,0.04202837675,2025-11,small
3986725,(2020 BH),2025-11-10,28.26,0.0059231806,0.0132446345,False,45892.1451624538,45085772.74515435,117.2367333697,Earth,0.00958390755,2025-11,small
3989253,(2020 BD11),2025-11-10,24.29,0.0368599699,0.0824213984,False,28714.4179020015,44937281.55531725,116.850611075,Earth,0.05964068415,2025-11,medium
2481127,481127 (2005 UJ6),2025-11-08,21.5,0.1332155667,0.2978790628,False,100714.230712031,71199142.63477795,185.1394440638,Earth,0.21554731475,2025-11,large
3432703,(2008 US2),2025-11-08,23.89,0.0443154309,0.099092316,False,12178.9086851898,18870572.58772748,49.0692329819,Earth,0.07170387345,2025-11,medium
3883085,(2019 UH7),2025-11-08,27.46,0.0085616008,0.0191443215,False,20834.1850433108,5093892.489969521,13.2456710687,Earth,0.013852961149999999,2025-11,small
2164206,164206 (2004 FN18),2025-11-07,17.68,0.77366861,1.729975604,False,42897.9733803979,16796322.36381611,43.6755509923,Earth,1.251822107,2025-11,large
3261401,(2004 VZ),2025-11-07,24.6,0.0319561887,0.0714562102,False,44005.5524023294,11293624.567366298,29.3668616853,Earth,0.05170619945,2025-11,medium
3393817,(2007 VU83),2025-11-07,25.24,0.0237987955,0.0532157244,False,35897.0208573808,5158886.406575046,13.4146750362,Earth,0.03850725995,2025-11,small
3759000,(2016 RG17),2025-11-07,23.0,0.0667659413,0.1492931834,False,97731.1908642614,72396293.57561858,188.252400926,Earth,0.10802956235,2025-11,medium
3759693,(2016 RQ41),2025-11-07,20.15,0.2480589932,0.5546767711,False,66158.2620551304,25854599.069486696,67.2298277912,Earth,0.40136788215,2025-11,large
3836124,(2018 VP5),2025-11-07,25.3,0.0231502122,0.0517654482,False,37925.0175963967,22696186.34854596,59.0169932873,Earth,0.0374578302,2025-11,small
3989261,(2020 BN11),2025-11-07,22.3,0.0921626549,0.2060819612,False,42876.8093783819,22557892.332959756,58.6573867497,Earth,0.14912230804999999,2025-11,medium
2883465,883465 (2016 RQ41),2025-11-07,20.08,0.2561857545,0.5728487619,False,66158.2620444049,25854599.069486696,67.2298277912,Earth,0.41451725819999996,2025-11,large
3652983,(2013 UD1),2025-11-09,24.7,0.0305179233,0.0682401509,False,76464.039792343,62880885.87145715,163.5094443791,Earth,0.0493790371,2025-11,small
3736207,(2015 XX128),2025-11-09,26.05,0.0163890951,0.0366471308,False,26885.5708822041,18799058.35819928,48.883274216,Earth,0.02651811295,2025-11,small
3761647,(2016 UY35),2025-11-09,24.7,0.0305179233,0.0682401509,False,33907.9260183411,25962908.944632214,67.5114664364,Earth,0.0493790371,2025-11,small
3781985,(2017 SZ19),2025-11-09,27.6,0.0080270317,0.0179489885,False,36455.7973282952,36072718.15912351,93.8000478476,Earth,0.012988010099999999,2025-11,small
3824114,(2018 KC),2025-11-09,27.5,0.008405334,0.0187948982,False,33631.0425819564,6108599.059604236,15.8842170292,Earth,0.0136001161,2025-11,small
3989355,(2020 CB),2025-11-09,27.7,0.0076657557,0.0171411509,False,33529.2547567214,40931336.37352831,106.4339341817,Earth,0.012403453299999999,2025-11,small
3781579,(2017 RN16),2025-11-15,28.9,0.004411182,0.0098637028,False,29051.0686549745,66776291.7958429,173.6386855547,Earth,0.0071374424,2025-11,small
3788080,(2017 UN7),2025-11-15,25.7,0.0192555078,0.0430566244,False,39897.7189046377,54015621.60924246,140.4570586867,Earth,0.031156066099999997,2025-11,small
3797899,(2018 BB5),2025-11-15,24.4,0.0350392641,0.0783501764,False,123058.5362791157,72851607.82765657,189.4363565802,Earth,0.05669472025,2025-11,medium
3465236,(2009 OS5),2025-11-14,24.4,0.0350392641,0.0783501764,False,16382.8793740228,38427564.126184806,99.9233641835,Earth,0.05669472025,2025-11,medium
3587872,(2011 WA),2025-11-14,21.68,0.1226182113,0.2741826558,False,55160.8287314976,17926258.9068668,46.61372996,Earth,0.19840043355,2025-11,medium
3634154,(2013 GM3),2025-11-14,26.3,0.0146067964,0.0326617897,False,30426.1541440426,47293375.333172,122.9771720988,Earth,0.023634293049999998,2025-11,small
3835954,(2018 VR),2025-11-14,24.76,0.0296862251,0.0663804174,False,29908.8631503272,14351527.93977629,37.3183412877,Earth,0.048033321250000004,2025-11,small
3879166,(2019 TB7),2025-11-14,26.8,0.0116025908,0.0259441818,False,58258.0060383438,67432746.63728686,175.3456679691,Earth,0.0187733863,2025-11,small
3892813,(2019 VL5),2025-11-14,25.86,0.0178877195,0.0399981568,False,32674.4359388356,5635691.469743196,14.6545133412,Earth,0.02894293815,2025-11,small
3445543,(2009 CD),2025-11-17,23.03,0.0658498783,0.1472448042,False,63084.4953094069,73842363.62870641,192.0126232517,Earth,0.10654734125,2025-11,medium
3552662,(2010 WA9),2025-11-17,25.6,0.0201629919,0.0450858206,False,78231.0730964735,66886523.22570899,173.9253208271,Earth,0.03262440625,2025-11,small
3620868,(2012 XF133),2025-11-17,22.17,0.0978486812,0.2187963027,False,38776.5614669123,17578431.113378275,45.7092718172,Earth,0.15832249195,2025-11,medium
3709924,(2015 CR),2025-11-17,23.3,0.058150704,0.130028927,False,67585.8882133364,48858327.25311953,127.0465234663,Earth,0.09408981549999999,2025-11,medium
3714590,(2015 FU284),2025-11-17,28.3,0.0058150704,0.0130028927,False,70262.9234075002,32628200.31963627,84.8432529443,Earth,0.009408981549999999,2025-11,small
3789721,(2017 WG16),2025-11-17,22.82,0.0725362295,0.1621959399,False,58147.2119569093,74765839.65769713,194.4139420357,Earth,0.1173660847,2025-11,medium
3827162,(2018 RR),2025-11-17,27.6,0.0080270317,0.0179489885,False,21510.335340834,57919616.02214384,150.6086325468,Earth,0.012988010099999999,2025-11,small
3468431,(2009 SA100),2025-11-16,23.9,0.04411182,0.0986370281,False,29831.417051767,63608113.69994324,165.4004581033,Earth,0.07137442405,2025-11,medium
3745032,(2016 EH1),2025-11-16,22.66,0.0780827277,0.1745982871,False,35372.4593425091,54167441.32176749,140.8518361536,Earth,0.1263405074,2025-11,medium
3892649,(2019 VX1),2025-11-16,22.0,0.1058168859,0.2366137501,False,60083.1534940736,24257910.799166743,63.0779522521,Earth,0.171215318,2025-11,medium
3893865,(2019 XS),2025-11-16,23.84,0.0453476699,0.1014004725,False,59979.2303934608,30082670.68420158,78.224101026,Earth,0.0733740712,2025-11,medium
3359094,(2006 WV),2025-11-13,27.2,0.0096506147,0.0215794305,False,67064.5298376202,19827513.43584039,51.5575704824,Earth,0.0156150226,2025-11,small
3767009,(2017 BS6),2025-11-13,23.1,0.063760979,0.1425738833,False,28054.6034934286,74383217.64361465,193.4190083279,Earth,0.10316743115,2025-11,medium
3789664,(2017 WG14),2025-11-13,24.5,0.0334622374,0.0748238376,False,40981.9509591052,9063720.033607556,23.5684311085,Earth,0.0541430375,2025-11,medium
54554706,(2025 US6),2025-11-13,31.008,0.0016709174,0.0037362848,False,7480.1181269372,136610.515956163,0.3552289261,Earth,0.0027036011,2025-11,small
3748362,(2016 FC12),2025-11-12,24.72,0.0302381333,0.0676145215,False,31183.3960331001,34799912.88266222,90.4903666834,Earth,0.0489263274,2025-11,small
3781991,(2017 SP19),2025-11-12,23.07,0.0646479826,0.1445572836,False,37740.2161459943,24530457.219484303,63.7866559088,Earth,0.10460263310000001,2025-11,medium
3789662,(2017 WJ14),2025-11-12,24.51,0.0333084924,0.0744800533,False,31461.5501784828,37603823.54602375,97.7813879262,Earth,0.05389427285,2025-11,medium
3989190,(2020 BL8),2025-11-12,25.71,0.0191670368,0.0428587972,False,13979.0896326071,47755423.37429315,124.1786376544,Earth,0.031012917,2025-11,small
3789421,(2017 VS14),2025-11-18,26.8,0.0116025908,0.0259441818,False,24347.5851397198,22657274.820574936,58.9158114698,Earth,0.0187733863,2025-11,small
3836131,(2018 VT5),2025-11-18,28.5,0.0053034072,0.0118587791,False,52750.9629700394,25395509.90967649,66.0360562277,Earth,0.00858109315,2025-11,small
2376879,376879 (2001 WW1),2025-11-25,22.35,0.0900647767,0.2013909631,False,47493.413989205,33377882.653771278,86.7926552184,Earth,0.1457278699,2025-11,medium
3167367,(2003 WT153),2025-11-25,28.0,0.0066765941,0.0149293183,False,61992.5458548755,60790426.32937682,158.0736132281,Earth,0.0108029562,2025-11,small
3293923,(2005 TH50),2025-11-25,28.0,0.0066765941,0.0149293183,False,61301.4718832543,56391927.46555419,146.6361772671,Earth,0.0108029562,2025-11,small
3735453,(2015 WN1),2025-11-25,26.3,0.0146067964,0.0326617897,False,50154.3986240952,24820607.34475731,64.541134557,Earth,0.023634293049999998,2025-11,small
3739413,(2016 AU65),2025-11-25,22.8,0.0732073989,0.1636967205,False,91943.6635345284,42893058.28675697,111.5350083096,Earth,0.1184520597,2025-11,medium
3788150,(2017 UP43),2025-11-25,26.4,0.0139493823,0.0311917671,False,75023.168910943,65185206.3696687,169.5013791159,Earth,0.0225705747,2025-11,small
3879725,(2019 UT6),2025-11-25,21.9,0.1108038821,0.2477650126,True,45311.7007365127,2387786.640126373,6.2089721131,Earth,0.17928444735,2025-11,medium
3274691,(2005 FC),2025-11-22,24.5,0.0334622374,0.0748238376,False,42624.9704489436,30935530.04096453,80.4417949663,Earth,0.0541430375,2025-11,medium
3774099,(2017 HX3),2025-11-22,21.86,0.1128638801,0.2523713081,True,52240.3034694984,13419522.019755617,34.8948421905,Earth,0.1826175941,2025-11,medium
54554706,(2025 US6),2025-11-22,31.008,0.0016709174,0.0037362848,False,922.8799368307,382219.655651322,0.9938874534,Earth,0.0027036011,2025-11,small
3063789,(2000 UR16),2025-11-21,23.9,0.04411182,0.0986370281,False,39562.4961816491,46826163.29325675,121.7622785744,Earth,0.07137442405,2025-11,medium
3462097,(2009 KT21),2025-11-21,19.87,0.2821986791,0.6310154296,False,15137.7287108589,60860148.95985411,158.2549132911,Earth,0.45660705435000004,2025-11,large
3553169,(2010 XC15),2025-11-21,21.48,0.1344481952,0.3006353038,True,92380.378605358,72732607.1651283,189.1269186335,Earth,0.2175417495,2025-11,large
3698846,(2014 WV202),2025-11-21,23.77,0.0468333233,0.1047224945,False,40540.0177477022,15941776.29106891,41.453471077,Earth,0.0757779089,2025-11,medium
3764824,(2016 WB8),2025-11-21,25.9,0.0175612318,0.0392681082,False,54275.9546855488,34316201.09527319,89.232568793,Earth,0.02841467,2025-11,small
3840727,(2019 FQ1),2025-11-21,27.2,0.0096506147,0.0215794305,False,39877.4471515466,57207448.48050682,148.7567801528,Earth,0.0156150226,2025-11,small
2516155,516155 (2016 DP),2025-11-24,20.08,0.2561857545,0.5728487619,True,60073.1004950334,4787020.120310684,12.4477094948,Earth,0.41451725819999996,2025-11,large
3670633,(2014 JR24),2025-11-24,29.3,0.0036690614,0.0082042706,False,12911.244766688,24605260.447943173,63.9811670731,Earth,0.005936666,2025-11,small
3714458,(2015 FW117),2025-11-24,22.83,0.0722029558,0.1614507173,False,85434.3792510606,67371701.2068621,175.1869312676,Earth,0.11682683655,2025-11,medium
3738932,(2015 YQ1),2025-11-24,28.0,0.0066765941,0.0149293183,False,32419.2640766754,45931616.53028621,119.4361846882,Earth,0.0108029562,2025-11,small
3824065,(2018 JN1),2025-11-24,22.3,0.0921626549,0.2060819612,False,53344.1135181337,22644313.49656048,58.8821080819,Earth,0.14912230804999999,2025-11,medium
3836094,(2018 VZ3),2025-11-24,25.4,0.022108281,0.0494356193,False,23267.2343282879,15223579.910391528,39.5859418663,Earth,0.035771950149999995,2025-11,small
3879308,(2019 UG3),2025-11-24,29.2,0.0038419789,0.008590926,False,71149.7657195597,71115668.66889453,184.9223863428,Earth,0.00621645245,2025-11,small
3180152,(2004 HF12),2025-11-23,20.38,0.2231284644,0.4989304142,True,52904.1635749098,24705571.35489936,64.2420059661,Earth,0.3610294393,2025-11,large
3515661,(2010 GR33),2025-11-23,22.6,0.0802703167,0.1794898848,False,80867.5473572136,66055696.88259624,171.7649194292,Earth,0.12988010075,2025-11,medium
3696457,(2014 WO69),2025-11-23,23.67,0.0490405098,0.1096579137,False,37379.7032193878,36678999.87958092,95.3765648746,Earth,0.07934921175,2025-11,medium
3893274,(2019 WJ),2025-11-23,22.49,0.0844413128,0.1888165155,False,43949.9024482788,9766456.775921904,25.3957605535,Earth,0.13662891415,2025-11,medium
3893862,(2019 XQ),2025-11-23,23.8,0.046190746,0.1032856481,False,76897.8117458435,51590519.545699455,134.1510551138,Earth,0.07473819705,2025-11,medium
3564040,(2011 HO5),2025-11-20,24.23,0.0378926498,0.0847305409,False,44128.4850297011,32334597.28104643,84.0797956704,Earth,0.06131159535,2025-11,medium
3644727,(2013 NJ4),2025-11-20,27.4,0.0088014652,0.0196806745,False,22907.8974343297,4823403.444278709,12.5423172123,Earth,0.01424106985,2025-11,small
3836261,(2018 WC),2025-11-20,23.1,0.063760979,0.1425738833,False,75468.4212667093,20713941.52240604,53.8625533386,Earth,0.10316743115,2025-11,medium
3989082,(2020 BA5),2025-11-20,24.32,0.0363542322,0.0812905344,False,9355.7545525322,20263259.98728664,52.6906441586,Earth,0.0588223833,2025-11,medium
2003361,3361 Orpheus (1982 HR),2025-11-19,19.5,0.3346223745,0.7482383761,True,32676.652723736,5673381.531105671,14.7525189737,Earth,0.5414303753,2025-11,large
3733861,(2015 VT64),2025-11-19,26.0,0.0167708462,0.0375007522,False,49564.5228635994,69970699.75395732,181.9451186323,Earth,0.0271357992,2025-11,small
3742126,(2016 CB32),2025-11-19,18.7,0.4836764882,1.0815335068,False,16666.1893931211,29494153.60608816,76.6937774767,Earth,0.7826049975,2025-11,large
3752803,(2016 JX11),2025-11-19,25.0,0.02658,0.0594346868,False,54819.9662619481,35724129.16679306,92.8936103561,Earth,0.043007343399999995,2025-11,small
3752011,(2016 GV221),2025-11-19,25.02,0.0263363131,0.0588897864,False,29306.8641492509,63524737.25691126,165.1836539714,Earth,0.04261304975,2025-11,small
3763286,(2016 VS1),2025-11-19,25.87,0.0178055329,0.039814382,False,17555.3935429722,9713976.182589548,25.2592950356,Earth,0.02880995745,2025-11,small
3766164,(2016 YC8),2025-11-19,24.6,0.0319561887,0.0714562102,False,22146.8437148868,44395531.14997196,115.4418951108,Earth,0.05170619945,2025-11,medium
3825011,(2018 KX1),2025-11-19,22.98,0.067383719,0.1506745763,False,96108.2609947834,56906132.98356829,147.9732681395,Earth,0.10902914764999999,2025-11,medium
3841635,(2019 HA4),2025-11-19,25.96,0.0170826395,0.0381979432,False,73271.8717252463,68269699.31237185,177.521999695,Earth,0.02764029135,2025-11,small
3893742,(2019 WL5),2025-11-19,23.3,0.058150704,0.130028927,False,69755.0069498404,56836608.3907513,147.7924830347,Earth,0.09408981549999999,2025-11,medium
2843079,843079 (2016 CB32),2025-11-19,18.72,0.4792421155,1.071617948,False,16666.2033218206,29494135.65434376,76.6937307967,Earth,0.77543003175,2025-11,large
3617960,(2012 VK77),2025-11-26,25.68,0.0194336768,0.0434550225,False,20524.3458477063,12695994.344986107,33.0134499923,Earth,0.03144434965,2025-11,small
3720890,(2015 KY157),2025-11-26,22.08,0.1019893859,0.2280551997,False,73513.6116321953,66669823.54527602,173.361835694,Earth,0.1650222928,2025-11,medium
3736682,(2015 XG352),2025-11-26,25.5,0.0211132445,0.0472106499,False,34557.3313147461,27759004.78783312,72.1818623652,Earth,0.0341619472,2025-11,small
3789748,(2017 WW27),2025-11-26,23.93,0.0435065831,0.0972836774,False,58292.545717426,14005540.559123656,36.4186687785,Earth,0.07039513025000001,2025-11,medium
3892709,(2019 VA4),2025-11-26,27.8,0.0073207399,0.016369672,False,35596.7745181286,22892948.59725149,59.5286350289,Earth,0.01184520595,2025-11,small
3478652,(2009 WB54),2025-11-28,26.4,0.0139493823,0.0311917671,False,58724.5035835397,19403802.75110542,50.4557937234,Earth,0.0225705747,2025-11,small
3548081,(2010 TK7),2025-11-28,20.78,0.185590173,0.4149922428,False,57165.3086532523,38840884.99949168,100.9981242701,Earth,0.3002912079,2025-11,large
3719242,(2015 KJ),2025-11-28,23.6,0.0506471459,0.1132504611,False,34191.7408442448,13825131.43701952,35.949550144,Earth,0.0819488035,2025-11,medium
3836286,(2018 WU),2025-11-28,24.7,0.0305179233,0.0682401509,False,91509.4452000733,70273088.86992948,182.7314223819,Earth,0.0493790371,2025-11,small
2706765,706765 (2010 TK7),2025-11-28,20.78,0.185590173,0.4149922428,False,57165.3088926278,38840884.849893816,100.9981238811,Earth,0.3002912079,2025-11,large
3409433,(2008 GC110),2025-11-27,22.3,0.0921626549,0.2060819612,False,69490.7393445752,69828083.8559068,181.5742738847,Earth,0.14912230804999999,2025-11,medium
3418110,(2008 NP3),2025-11-27,22.83,0.0722029558,0.1614507173,False,41020.1964082541,46258936.16121345,120.2873153656,Earth,0.11682683655,2025-11,medium
3696015,(2014 VV6),2025-11-27,24.56,0.0325502986,0.0727846803,False,23827.9783815966,19103195.944156434,49.6741245198,Earth,0.05266748945,2025-11,medium
3740929,(2016 BW14),2025-11-27,25.8,0.0183888672,0.0411187571,False,59289.0628313995,55851363.87995076,145.2305473955,Earth,0.02975381215,2025-11,small
3825768,(2018 OQ),2025-11-27,26.8,0.0116025908,0.0259441818,False,52274.0631954874,67495343.0535484,175.5084377059,Earth,0.0187733863,2025-11,small
3836416,(2018 WG2),2025-11-27,30.1,0.0025383703,0.0056759685,False,27035.7402716364,5179273.63421822,13.467688034,Earth,0.0041071694,2025-11,small
3394543,(2007 VM184),2025-12-01,21.0,0.1677084622,0.3750075218,True,72064.3560035576,4997961.030738007,12.9962200729,Earth,0.271357992,2025-12,large
3472700,(2009 UZ87),2025-12-01,25.9,0.0175612318,0.0392681082,False,17109.1224271614,17180576.80481581,44.674729507,Earth,0.02841467,2025-12,small
3602982,(2012 HD25),2025-12-01,23.64,0.0497227313,0.1111834072,False,52963.8499458904,10280273.159956552,26.7318395591,Earth,0.08045306925000001,2025-12,medium
3648873,(2013 TB6),2025-12-01,22.6,0.0802703167,0.1794898848,False,89260.7103266386,62986774.25076034,163.784786398,Earth,0.12988010075,2025-12,medium
3666540,(2014 FX32),2025-12-01,25.0,0.02658,0.0594346868,False,66499.9098388844,47840720.16030296,124.4004352626,Earth,0.043007343399999995,2025-12,small
3836709,(2018 XC),2025-12-01,25.7,0.0192555078,0.0430566244,False,60822.0571405723,15858110.19664104,41.2359137633,Earth,0.031156066099999997,2025-12,small
3561773,(2011 GO27),2025-12-02,19.0,0.4212646106,0.9419763057,False,22683.2846871321,17104944.145926513,44.4780615711,Earth,0.68162045815,2025-12,large
3771023,(2017 EC3),2025-12-02,22.5,0.0840533402,0.1879489824,False,27785.8888316911,24521776.503881816,63.7640834058,Earth,0.1360011613,2025-12,medium
3836411,(2018 WC2),2025-12-02,25.13,0.0250354255,0.0559809132,False,30411.007172539,6183661.900206703,16.0794032641,Earth,0.04050816935,2025-12,small
2549328,549328 (2011 GO27),2025-12-02,18.97,0.4271249851,0.9550805015,False,22683.2900805208,17104938.042333417,44.4780456999,Earth,0.6911027433,2025-12,large
54554706,(2025 US6),2025-12-02,31.008,0.0016709174,0.0037362848,False,6814.3204216804,159495.549315153,0.4147369791,Earth,0.0027036011,2025-12,small
2000433,433 Eros (A898 PA),2025-11-30,10.4,22.1082810359,49.435619262,False,13423.8631236067,59487215.18111953,154.6848675416,Earth,35.77195014895,2025-11,large
3674659,(2014 NL52),2025-11-30,23.6,0.0506471459,0.1132504611,False,30969.4400977136,72463820.96207213,188.4279926863,Earth,0.0819488035,2025-11,medium
3736413,(2015 XY169),2025-11-30,25.61,0.0200703514,0.0448786701,False,25385.0423603252,11568782.831855975,30.0823569319,Earth,0.03247451075,2025-11,small
54565946,(2025 XU),2025-11-30,23.76,0.0470494961,0.1052058716,False,19873.3043664125,16400339.13565288,42.6458740607,Earth,0.07612768385,2025-11,medium
3518295,(2010 HK22),2025-11-30,23.763,0.0469845397,0.1050606247,False,19871.4030626984,16398726.605252365,42.6416809908,Earth,0.0760225822,2025-11,medium
3774381,(2017 HS49),2025-11-29,23.06,0.0649463841,0.1452245297,False,16234.7513234572,58547094.08528411,152.240266517,Earth,0.1050854569,2025-11,medium
3879278,(2019 UY1),2025-11-29,23.95,0.0431077124,0.0963917753,False,24349.4253647021,23062694.24854394,59.9700253933,Earth,0.06974974384999999,2025-11,medium
2496818,496818 (1993 RA),2025-12-05,19.37,0.3552670883,0.7944013596,False,12997.3962405217,26197436.756745204,68.1213101388,Earth,0.57483422395,2025-12,large
3826807,(2018 PN22),2025-12-05,27.5,0.008405334,0.0187948982,False,40673.565618763,50472402.71539768,131.2436109972,Earth,0.0136001161,2025-12,small
3836849,(2018 XM2),2025-12-05,25.4,0.022108281,0.0494356193,False,53239.3637986994,18683385.455409806,48.5824894576,Earth,0.035771950149999995,2025-12,small
2446924,446924 (2002 VV17),2025-12-04,20.16,0.2469192656,0.5521282628,False,47819.3389078777,13955108.05039032,36.287528904,Earth,0.3995237642,2025-12,large
3295787,(2005 UN),2025-12-04,25.9,0.0175612318,0.0392681082,False,62841.6802292515,68795939.14127937,178.890383439,Earth,0.02841467,2025-12,small
3393819,(2007 VW83),2025-12-04,24.1,0.040230458,0.0899580388,False,34339.7504615312,19671746.867751367,51.1525299896,Earth,0.0650942484,2025-12,medium
3744561,(2016 CN248),2025-12-04,27.3,0.0092162655,0.0206081961,False,40540.8672432342,67549960.75717221,175.6504603611,Earth,0.014912230799999999,2025-12,small
3842751,(2019 KP5),2025-12-04,22.44,0.0864082036,0.1932146172,False,44413.9012570741,28408967.23131694,73.8719625686,Earth,0.1398114104,2025-12,medium
3703073,(2014 YR15),2025-12-07,21.39,0.1401376972,0.3133574171,True,29963.1468733528,15788188.915152175,41.0540971472,Earth,0.22674755715,2025-12,large
3731243,(2015 UC),2025-12-07,24.7,0.0305179233,0.0682401509,False,59808.319918061,52878237.32127404,137.4995133151,Earth,0.0493790371,2025-12,small
3459484,(2009 JM1),2025-12-06,23.2,0.0608912622,0.1361570015,False,66370.3054525303,62712934.69149471,163.0727201864,Earth,0.09852413185,2025-12,medium
3655565,(2013 YK70),2025-12-06,21.24,0.1501602479,0.3357685218,False,76029.506159612,22554955.038621448,58.6497488903,Earth,0.24296438485,2025-12,large
3712947,(2015 EQ),2025-12-06,26.1,0.0160160338,0.0358129403,False,39553.2518129665,74313592.9099835,193.2379628265,Earth,0.025914487049999997,2025-12,small
2533722,533722 (2014 NE52),2025-12-03,18.12,0.6317641482,1.4126675811,True,44845.7428861553,15836024.704058051,41.1784847597,Earth,1.0222158646500001,2025-12,large
3618064,(2012 WF),2025-12-03,26.1,0.0160160338,0.0358129403,False,70519.2428639254,61965086.33748718,161.1280868189,Earth,0.025914487049999997,2025-12,small
3699481,(2014 WC364),2025-12-03,24.95,0.0271991277,0.0608190985,False,45000.2701892668,3948626.982295244,10.2676321268,Earth,0.0440091131,2025-12,small
3774688,(2017 KB3),2025-12-03,25.1,0.0253837029,0.0567596853,False,37707.929092831,43244036.17755387,112.4476576643,Earth,0.0410716941,2025-12,small
3789082,(2017 VU),2025-12-03,22.46,0.0856160085,0.1914432149,False,30394.3334646764,58357861.72568674,151.7482047792,Earth,0.1385296117,2025-12,medium
3842907,(2019 LU5),2025-12-03,24.35,0.0358554334,0.0801751865,False,66134.2311811649,29036362.74635254,75.5033818886,Earth,0.058015309949999996,2025-12,medium
3309092,(2005 YR3),2025-12-09,23.76,0.0470494961,0.1052058716,False,30539.7594851689,8258324.116652051,21.4741565597,Earth,0.07612768385,2025-12,medium
3752788,(2016 JF6),2025-12-09,24.1,0.040230458,0.0899580388,False,18323.1163205382,35241954.78175423,91.6398101798,Earth,0.0650942484,2025-12,medium
3943342,(2019 YR1),2025-12-09,25.7,0.0192555078,0.0430566244,False,82855.8063921679,51316733.82670724,133.4391289033,Earth,0.031156066099999997,2025-12,small
3989266,(2020 BS11),2025-12-09,22.7,0.0766575574,0.1714115092,False,26358.5160721171,61729649.97263032,160.5158806028,Earth,0.1240345333,2025-12,medium
2297418,297418 (2000 SP43),2025-12-08,18.51,0.527904029,1.1804292945,True,53089.0856569922,27894399.2825432,72.5339292659,Earth,0.8541666617499999,2025-12,large
3786459,(2017 UE),2025-12-08,26.9,0.0110803882,0.0247765013,False,24642.1618809281,49533728.82935664,128.8027731586,Earth,0.01792844475,2025-12,small
3829424,(2018 RO5),2025-12-08,25.61,0.0200703514,0.0448786701,False,23018.482205951,34703128.35653682,90.238697454,Earth,0.03247451075,2025-12,small
3831475,(2018 TB3),2025-12-08,26.7,0.0121494041,0.0271668934,False,97608.9150627815,71686416.43721041,186.4065042776,Earth,0.01965814875,2025-12,small
3836859,(2018 XW2),2025-12-08,25.45,0.0216050351,0.0483103272,False,39341.1808494608,27563257.36619831,71.6728594829,Earth,0.03495768115,2025-12,small
3840783,(2019 GE1),2025-12-08,27.0,0.0105816886,0.023661375,False,17344.4664761838,26651451.990638837,69.3018879504,Earth,0.0171215318,2025-12,small
54290860,(2022 OP),2025-12-08,19.4,0.3503926411,0.7835017643,False,32601.5752608659,23622650.04147781,61.426080907,Earth,0.5669472027,2025-12,large
2847304,847304 (2022 OP),2025-12-08,19.3,0.3669061375,0.8204270649,False,32601.5836168328,23622502.65765629,61.4256976642,Earth,0.5936666012,2025-12,large
3764727,(2016 WF7),2025-12-16,28.8,0.0046190746,0.0103285648,False,18676.2928277609,12954037.132128874,33.6844397878,Earth,0.0074738197,2025-12,small
3907553,(2019 XH2),2025-12-16,28.9,0.004411182,0.0098637028,False,58825.5645737524,56000889.673697,145.6193599753,Earth,0.0071374424,2025-12,small
3701880,(2014 XO7),2025-12-15,26.8,0.0116025908,0.0259441818,False,66446.6003749415,32142914.583137397,83.5813623071,Earth,0.0187733863,2025-12,small
3720547,(2015 KU154),2025-12-15,25.0,0.02658,0.0594346868,False,63814.4814672454,51844477.78739867,134.8114238478,Earth,0.043007343399999995,2025-12,small
3759724,(2016 SA2),2025-12-15,28.12,0.0063176415,0.0141266758,False,20762.5278330752,50196737.20941019,130.5267967683,Earth,0.01022215865,2025-12,small
3766054,(2016 YH),2025-12-15,25.73,0.0189913123,0.0424658654,False,31756.3941667142,2918070.817529769,7.5878723943,Earth,0.03072858885,2025-12,small
3485264,(2010 AL30),2025-12-12,27.2,0.0096506147,0.0215794305,False,25142.9467819244,40493806.63043145,105.2962236644,Earth,0.0156150226,2025-12,small
3719196,(2015 JR1),2025-12-12,26.1,0.0160160338,0.0358129403,False,30477.5278013816,33876247.5525268,88.0885556588,Earth,0.025914487049999997,2025-12,small
3837721,(2019 AG7),2025-12-12,25.5,0.0211132445,0.0472106499,False,62090.973350924,43890883.49971132,114.129657604,Earth,0.0341619472,2025-12,small
3605576,(2012 LR1),2025-12-11,20.51,0.2101623793,0.4699373665,True,92530.4444861713,12972234.620949922,33.7317587981,Earth,0.3400498729,2025-12,large
3638335,(2013 JV17),2025-12-11,27.8,0.0073207399,0.016369672,False,29600.3625004639,17007174.11391291,44.2238297264,Earth,0.01184520595,2025-12,small
3933019,(2019 XN3),2025-12-11,26.92,0.0109788026,0.0245493489,False,13247.3155169573,1881566.237538845,4.8926449715,Earth,0.01776407575,2025-12,small
2878420,878420 (2012 LR1),2025-12-11,20.48,0.2130860292,0.4764748465,True,92530.4444814748,12972234.620949922,33.7317587981,Earth,0.34478043785,2025-12,large
3031176,(2000 EB14),2025-12-14,23.43,0.0547715431,0.1224728936,False,92286.658328791,56354654.66257072,146.5392566334,Earth,0.08862221835,2025-12,medium
3735611,(2015 XB),2025-12-14,24.1,0.040230458,0.0899580388,False,45212.5971968778,26726708.186488274,69.4975769678,Earth,0.0650942484,2025-12,medium
3841204,(2019 GR20),2025-12-14,26.6,0.0127219879,0.0284472297,False,33134.2837582732,71267078.66277319,185.3160984165,Earth,0.0205846088,2025-12,small
3170237,(2003 YH111),2025-12-13,24.5,0.0334622374,0.0748238376,False,83424.6776792351,46542716.75325696,121.0252312885,Earth,0.0541430375,2025-12,medium
3751529,(2016 GZ215),2025-12-13,21.08,0.1616422833,0.3614431336,False,15634.0461096288,61470590.742759846,159.8422477468,Earth,0.26154270845,2025-12,large
3005806,(1983 LC),2025-12-10,19.45,0.3424167308,0.7656670868,True,118642.4006368255,73954182.27701342,192.3033857752,Earth,0.5540419087999999,2025-12,large
3023213,(1999 SF10),2025-12-10,24.36,0.0356906927,0.079806815,False,15792.8214580615,3137245.624641466,8.1577936102,Earth,0.05774875385,2025-12,medium
3825438,(2018 MZ4),2025-12-10,28.8,0.0046190746,0.0103285648,False,27821.8897259166,55406069.6633258,144.0726468835,Earth,0.0074738197,2025-12,small
3905999,(2019 XQ1),2025-12-10,25.34,0.0227276732,0.0508206223,False,45771.6134802089,18338071.609247275,47.6845683431,Earth,0.03677414775,2025-12,small
54169406,(2021 NQ5),2025-12-10,21.13,0.1579628558,0.3532156834,True,34696.208407847,22658284.92035296,58.9184380367,Earth,0.2555892696,2025-12,large
2612012,612012 (1983 LC),2025-12-10,19.47,0.3392774354,0.7586474087,True,118642.3945182227,73954173.2113825,192.3033622018,Earth,0.54896242205,2025-12,large
2679885,679885 (2021 NQ5),2025-12-10,21.18,0.1543671822,0.3451755128,True,34696.1959086435,22658262.58539097,58.918379959,Earth,0.2497713475,2025-12,large
3485263,(2010 AJ30),2025-12-18,22.7,0.0766575574,0.1714115092,False,69041.6124670019,55418090.86944582,144.1039056787,Earth,0.1240345333,2025-12,medium
3619732,(2012 XN55),2025-12-18,23.87,0.0447254765,0.1000092059,False,56989.991206786,31387591.19756064,81.6172915821,Earth,0.07236734119999999,2025-12,medium
3621019,(2012 XK134),2025-12-18,26.4,0.0139493823,0.0311917671,False,43457.4993111613,34993686.584799185,90.9942372942,Earth,0.0225705747,2025-12,small
3713071,(2015 EZ6),2025-12-18,28.6,0.0050647146,0.0113250461,False,13807.2180640613,41802043.11521715,108.6980367556,Earth,0.00819488035,2025-12,small
3736390,(2015 XX168),2025-12-18,25.45,0.0216050351,0.0483103272,False,41154.5185256945,2313379.038194506,6.0154896982,Earth,0.03495768115,2025-12,small
3739219,(2016 AP8),2025-12-18,24.35,0.0358554334,0.0801751865,False,34163.9113258511,5623312.350719205,14.6223238635,Earth,0.058015309949999996,2025-12,medium
3796295,(2018 AH),2025-12-18,22.68,0.077366861,0.1729975604,False,42614.4848107846,12496352.202644998,32.4943196506,Earth,0.1251822107,2025-12,medium
3976539,(2020 AV1),2025-12-18,26.09,0.0160899605,0.0359782453,False,85607.1050924099,69703996.7909996,181.2516097435,Earth,0.0260341029,2025-12,small
3170208,(2003 YG136),2025-12-17,25.24,0.0237987955,0.0532157244,False,84847.1711022338,60821823.39178009,158.1552551477,Earth,0.03850725995,2025-12,small
3264188,(2004 YC),2025-12-17,25.6,0.0201629919,0.0450858206,False,55614.2007322591,29588713.567007303,76.9396621594,Earth,0.03262440625,2025-12,small
3591754,(2011 YD29),2025-12-17,26.3,0.0146067964,0.0326617897,False,53750.138658953,38406757.81506861,99.8692614411,Earth,0.023634293049999998,2025-12,small
3330155,(2006 HV5),2025-12-23,19.41,0.3487827332,0.7799019007,True,83537.6480519152,70949399.79177918,184.4900366496,Earth,0.5643423169499999,2025-12,large
3407480,(2008 FO),2025-12-22,23.44,0.0545198907,0.1219101818,False,17952.3323993179,10630447.919628572,27.6424005284,Earth,0.08821503625,2025-12,medium
3609163,(2012 SX49),2025-12-22,26.2,0.0152951935,0.0342010925,False,32471.4949346343,29135565.686604142,75.7613397309,Earth,0.024748143,2025-12,small
3788891,(2017 UA45),2025-12-22,26.1,0.0160160338,0.0358129403,False,14631.1240349248,16317681.73478306,42.4309396573,Earth,0.025914487049999997,2025-12,small
3824972,(2018 KL),2025-12-22,21.85,0.1133848361,0.2535362011,False,51739.2780920525,54014406.33598573,140.4538986063,Earth,0.1834605186,2025-12,medium
3837648,(2019 AS4),2025-12-22,22.01,0.1053307015,0.2355266087,False,35734.52263689,28233263.695253868,73.4150798902,Earth,0.1704286551,2025-12,medium
3837719,(2019 AP6),2025-12-22,20.98,0.1692602495,0.3784774237,True,34756.3261172256,15658640.899678929,40.7172328722,Earth,0.2738688366,2025-12,large
3959223,(2019 YB4),2025-12-22,26.8,0.0116025908,0.0259441818,False,56608.6971315042,48332462.95974507,125.679116229,Earth,0.0187733863,2025-12,small
54209299,(2021 TE14),2025-12-22,18.54,0.5206609142,1.1642331974,False,76581.5548166892,13250104.60114973,34.454305331,Earth,0.8424470558,2025-12,large
2874868,874868 (2021 TE14),2025-12-22,18.42,0.5502435705,1.2303820278,False,76581.5509432631,13250108.49069435,34.454315445,Earth,0.89031279915,2025-12,large
3370278,(2007 EK),2025-12-21,29.3,0.0036690614,0.0082042706,False,31614.3516246249,64839126.13361815,168.6014651544,Earth,0.005936666,2025-12,small
3548666,(2010 TW54),2025-12-21,27.6,0.0080270317,0.0179489885,False,25936.2759789926,45802543.66756765,119.100555955,Earth,0.012988010099999999,2025-12,small
3560054,(2011 FK1),2025-12-21,23.7,0.0483676488,0.1081533507,False,48911.4086361912,45858973.61474843,119.2472909951,Earth,0.07826049975,2025-12,medium
3607527,(2012 PY19),2025-12-21,27.5,0.008405334,0.0187948982,False,26301.0491524431,38696026.27033499,100.6214474789,Earth,0.0136001161,2025-12,small
3943345,(2019 YU1),2025-12-21,24.2,0.0384197891,0.0859092601,False,64165.9995475117,8766880.160864316,22.7965570805,Earth,0.06216452459999999,2025-12,medium
3141540,(2002 VP69),2025-12-20,17.9,0.6991252322,1.5632915441,True,57426.9104986517,36366817.74296345,94.5647962903,Earth,1.13120838815,2025-12,large
3311963,(2006 AL4),2025-12-20,24.92,0.0275775053,0.0616651765,False,55789.2405551286,40973218.82543881,106.5428413058,Earth,0.0446213409,2025-12,small
3552578,(2010 WR7),2025-12-20,23.3,0.058150704,0.130028927,False,29720.5127571537,7426695.74943865,19.311669655,Earth,0.09408981549999999,2025-12,medium
3756911,(2016 PD1),2025-12-20,23.83,0.0455569852,0.1018685158,False,18586.7266516539,53460024.17073359,139.0123362212,Earth,0.07371275050000001,2025-12,medium
3842591,(2019 KG2),2025-12-20,25.9,0.0175612318,0.0392681082,False,68129.2501275121,44350812.41220498,115.3256127801,Earth,0.02841467,2025-12,small
3596845,(2012 BJ86),2025-12-19,21.4,0.1394938229,0.3119176705,True,44968.1196270348,28139212.411972087,73.1705179242,Earth,0.22570574670000002,2025-12,large
3736805,(2015 XT378),2025-12-19,27.9,0.0069912523,0.0156329154,False,19641.2097998342,15676149.460389052,40.7627604597,Earth,0.01131208385,2025-12,small
3767010,(2017 BO6),2025-12-19,26.1,0.0160160338,0.0358129403,False,25452.7814387578,31181172.062271517,81.0805389958,Earth,0.025914487049999997,2025-12,small
3781986,(2017 SD20),2025-12-19,25.97,0.0170041519,0.0380224396,False,37007.6461093566,22775455.193102624,59.2231164128,Earth,0.02751329575,2025-12,small
3791342,(2017 XQ60),2025-12-19,24.5,0.0334622374,0.0748238376,False,61348.9751321875,16744624.885413628,43.5411218116,Earth,0.0541430375,2025-12,medium
3879723,(2019 UQ6),2025-12-19,25.72,0.0190789723,0.0426618789,False,37096.408548391,73671371.70747857,191.5679922061,Earth,0.0308704256,2025-12,small
2164400,164400 (2005 GN59),2025-12-27,17.36,0.8965096664,2.0046565566,True,33101.591509302,15900424.836797971,41.3459447084,Earth,1.4505831115,2025-12,large
3620867,(2012 XE133),2025-12-27,23.3,0.058150704,0.130028927,False,83931.8232554809,59154084.73508766,153.8186269761,Earth,0.09408981549999999,2025-12,medium
3843408,(2019 OM3),2025-12-27,26.6,0.0127219879,0.0284472297,False,76514.7963616247,45609186.22150396,118.5977677367,Earth,0.0205846088,2025-12,small
3568320,(2011 MV),2025-12-26,21.3,0.1460679643,0.3266178974,False,76869.3115088885,21302806.40060742,55.393781274,Earth,0.23634293085000002,2025-12,large
3589135,(2011 WR41),2025-12-26,25.12,0.0251509837,0.0562393094,False,83119.9962252524,65020269.3025508,169.0724925341,Earth,0.04069514655,2025-12,small
3591720,(2011 YG28),2025-12-26,21.4,0.1394938229,0.3119176705,False,34764.6074549913,15629236.929697668,40.6407735996,Earth,0.22570574670000002,2025-12,large
3760536,(2016 TB18),2025-12-26,24.8,0.0291443905,0.0651688382,False,26454.3600646078,30419428.998259243,79.0997751527,Earth,0.04715661435,2025-12,small
3781875,(2017 SL14),2025-12-26,23.11,0.0634680239,0.1419188158,False,12020.1587948623,12015078.950295689,31.2428626936,Earth,0.10269341985,2025-12,medium
3991612,(2020 DJ),2025-12-26,26.2,0.0152951935,0.0342010925,False,61341.4445196096,71828659.8664842,186.776380493,Earth,0.024748143,2025-12,small
2877916,877916 (2011 MV),2025-12-26,21.3,0.1460679643,0.3266178974,False,76869.3115136959,21302806.40060742,55.393781274,Earth,0.23634293085000002,2025-12,large
3313739,(2006 BA9),2025-12-29,22.76,0.0745684261,0.1667400697,False,46739.1403192061,13681318.86072752,35.5755936687,Earth,0.1206542479,2025-12,medium
3838888,(2019 EO),2025-12-29,23.18,0.0614546821,0.1374168468,False,42170.8319245004,58473567.25577165,152.0490743785,Earth,0.09943576444999999,2025-12,medium
3986848,(2020 BT3),2025-12-29,25.56,0.02053785,0.0459240286,False,54221.2121793762,37891695.624851964,98.5299429602,Earth,0.0332309393,2025-12,small
3989198,(2020 BT8),2025-12-29,22.66,0.0780827277,0.1745982871,False,33696.4371833274,70037028.09852302,182.1175925187,Earth,0.1263405074,2025-12,medium
3477940,(2009 WW7),2025-12-28,28.9,0.004411182,0.0098637028,False,22771.3574292793,42282488.71735069,109.9473415701,Earth,0.0071374424,2025-12,small
3600236,(2012 DW60),2025-12-28,26.5,0.0133215567,0.0297879063,False,19141.7900180535,41623781.17134112,108.2345014381,Earth,0.0215547315,2025-12,small
3644814,(2013 NG10),2025-12-28,22.7,0.0766575574,0.1714115092,False,60430.5630053309,50932313.79582524,132.4395198045,Earth,0.1240345333,2025-12,medium
3765003,(2016 WL48),2025-12-28,24.9,0.0278326768,0.0622357573,False,22898.5223746145,35989893.373196945,93.5846781921,Earth,0.04503421705,2025-12,small
3799759,(2018 DY3),2025-12-28,25.7,0.0192555078,0.0430566244,False,31420.2327993183,73535931.2862224,191.2158058824,Earth,0.031156066099999997,2025-12,small
3753371,(2016 JU33),2025-12-25,20.95,0.1716148941,0.3837425691,True,58654.6564872406,21479391.02324543,55.8529550457,Earth,0.2776787316,2025-12,large
3795028,(2017 YV3),2025-12-25,25.0,0.02658,0.0594346868,False,41690.3014713456,36277835.22447173,94.3334146557,Earth,0.043007343399999995,2025-12,small
3893730,(2019 WC5),2025-12-25,22.47,0.0852226386,0.1905636132,False,67092.5286189432,31558983.08365372,82.0629626581,Earth,0.1378931259,2025-12,medium
3989336,(2020 BN14),2025-12-25,21.39,0.1401376972,0.3133574171,False,43472.3054902027,12098350.106346758,31.4593930473,Earth,0.22674755715,2025-12,large
2883088,883088 (2016 JU33),2025-12-25,20.9,0.1756123185,0.3926810818,True,58654.6581331282,21479393.1325754,55.8529605306,Earth,0.28414670015,2025-12,large
2488789,488789 (2004 XK50),2025-12-24,18.98,0.425162524,0.9506923052,True,102748.6458052938,7958263.237210054,20.6939069338,Earth,0.6879274146000001,2025-12,large
3335553,(2006 LH),2025-12-24,24.68,0.0308003021,0.0688715693,False,38432.6533420409,1803459.140121026,4.6895427422,Earth,0.0498359357,2025-12,small
3734613,(2015 VV105),2025-12-24,28.3,0.0058150704,0.0130028927,False,42493.3941956688,42275314.18302293,109.9286855969,Earth,0.009408981549999999,2025-12,small
3739257,(2016 AG9),2025-12-24,23.41,0.0552783379,0.1236061213,False,76852.866646831,63371862.83452337,164.7861339378,Earth,0.0894422296,2025-12,medium
3769812,(2017 DO34),2025-12-24,23.64,0.0497227313,0.1111834072,False,52800.084016587,54370336.634349406,141.3794257282,Earth,0.08045306925000001,2025-12,medium
3842904,(2019 LR5),2025-12-24,26.2,0.0152951935,0.0342010925,False,52291.8762225066,11584587.308269143,30.1234533815,Earth,0.024748143,2025-12,small
2220839,220839 (2004 VA),2025-12-30,17.45,0.8601119401,1.9232687664,True,44230.3778554679,14352302.048914392,37.3203542071,Earth,1.39169035325,2025-12,large
3337315,(2006 MB14),2025-12-30,25.4,0.022108281,0.0494356193,False,36568.2583072296,18023250.98507704,46.865938888,Earth,0.035771950149999995,2025-12,small
3554439,(2010 YO),2025-12-30,24.6,0.0319561887,0.0714562102,False,84364.9788453908,47782238.40353619,124.248364893,Earth,0.05170619945,2025-12,medium
3759669,(2016 SC),2025-12-30,27.6,0.0080270317,0.0179489885,False,12695.9223643719,58551722.374105744,152.2523014768,Earth,0.012988010099999999,2025-12,small
3771633,(2017 FZ2),2025-12-30,26.6,0.0127219879,0.0284472297,False,27328.9732281487,43402718.78212387,112.8602807396,Earth,0.0205846088,2025-12,small
3797689,(2018 AG12),2025-12-30,23.7,0.0483676488,0.1081533507,False,28194.3860914054,51302230.16361287,133.4014149643,Earth,0.07826049975,2025-12,medium
3837563,(2019 AU),2025-12-30,26.7,0.0121494041,0.0271668934,False,10211.0991979515,7397884.905092368,19.2367526896,Earth,0.01965814875,2025-12,small
3766297,(2017 AK3),2025-12-31,24.6,0.0319561887,0.0714562102,False,80244.3425928779,63135173.45286718,164.1706694966,Earth,0.05170619945,2025-12,medium
3795036,(2017 YW3),2025-12-31,26.5,0.0133215567,0.0297879063,False,21918.1089067202,18119456.851681493,47.1161034265,Earth,0.0215547315,2025-12,small
3837539,(2018 YQ2),2025-12-31,26.1,0.0160160338,0.0358129403,False,34404.1911802372,16420064.302962584,42.6971655001,Earth,0.025914487049999997,2025-12,small
